id,split,image,gt_time_hhmm,gt_time_minutes,gt_time_hhmmss,gt_time_seconds_total,gt_seconds,pred_time_hhmm,pred_time_minutes,pred_time_hhmmss,pred_time_seconds_total,parsed_ok,is_exact,tol_1,tol_5,abs_err_minutes,hour_correct,minute_correct,second_correct,raw_output,latency_sec,error,run_id,vote_support,num_runs
rege_ood_noisy_blender_000000,noisy,images/sample_00000.png,12:18,18,12:18:58,1138,58,03:25,205,,,True,False,False,False,187,False,False,,07:25,0.32051658630371094,,1,1,5
rege_ood_noisy_blender_000001,noisy,images/sample_00001.png,01:33,93,,,,01:33,93,,,True,True,True,True,0,True,True,,01:34,0.2907602787017822,,1,2,5
rege_ood_noisy_blender_000002,noisy,images/sample_00002.png,04:02,242,04:02:52,14572,52,05:08,308,,,True,False,False,False,66,False,False,,05:06,0.3038609027862549,,1,2,5
rege_ood_noisy_blender_000003,noisy,images/sample_00003.png,01:23,83,01:23:11,4991,11,01:24,84,,,True,False,True,True,1,True,False,,01:24,0.30840468406677246,,1,4,5
rege_ood_noisy_blender_000004,noisy,images/sample_00004.png,01:16,76,01:16:01,4561,1,01:20,205,,,True,False,False,False,129,False,False,,03:25,0.30737781524658203,,1,2,5
rege_ood_noisy_blender_000005,noisy,images/sample_00005.png,03:28,208,,,,07:19,439,,,True,False,False,False,231,False,False,,07:19,0.3106040954589844,,1,4,5
rege_ood_noisy_blender_000006,noisy,images/sample_00006.png,06:48,408,06:48:30,24510,30,05:41,341,,,True,False,False,False,67,False,False,,05:41,0.31455516815185547,,1,2,5
rege_ood_noisy_blender_000007,noisy,images/sample_00007.png,06:08,368,06:08:00,22080,0,06:07,367,,,True,False,True,True,1,True,False,,06:08,0.3216845989227295,,1,4,5
rege_ood_noisy_blender_000008,noisy,images/sample_00008.png,04:08,248,04:08:34,14914,34,05:47,347,,,True,False,False,False,99,False,False,,06:47,0.32506823539733887,,1,1,5
rege_ood_noisy_blender_000009,noisy,images/sample_00009.png,01:37,97,,,,01:33,170,,,True,False,False,False,73,False,False,,12:36,0.32268738746643066,,1,1,5
rege_ood_noisy_blender_000010,noisy,images/sample_00010.png,10:21,621,10:21:12,37272,12,10:22,622,,,True,False,True,True,1,True,False,,10:22,0.32150959968566895,,1,3,5
rege_ood_noisy_blender_000011,noisy,images/sample_00011.png,04:38,278,,,,03:32,212,,,True,False,False,False,66,False,False,,03:32,0.3150792121887207,,1,5,5
rege_ood_noisy_blender_000012,noisy,images/sample_00012.png,07:23,443,,,,07:25,445,,,True,False,False,True,2,True,False,,07:25,0.317213773727417,,1,3,5
rege_ood_noisy_blender_000013,noisy,images/sample_00013.png,02:39,159,02:39:51,9591,51,02:38,158,,,True,False,True,True,1,True,False,,02:38,0.3114335536956787,,1,4,5
rege_ood_noisy_blender_000014,noisy,images/sample_00014.png,06:54,414,,,,06:40,400,,,True,False,False,False,14,True,False,,06:40,0.31882643699645996,,1,3,5
rege_ood_noisy_blender_000015,noisy,images/sample_00015.png,07:45,465,,,,07:49,469,,,True,False,False,True,4,True,False,,07:48,0.31879520416259766,,1,2,5
rege_ood_noisy_blender_000016,noisy,images/sample_00016.png,12:24,24,12:24:22,1462,22,01:34,94,,,True,False,False,False,70,False,False,,01:34,0.3172924518585205,,1,3,5
rege_ood_noisy_blender_000017,noisy,images/sample_00017.png,09:51,591,,,,02:42,162,,,True,False,False,False,291,False,False,,03:25,0.31768250465393066,,1,1,5
rege_ood_noisy_blender_000018,noisy,images/sample_00018.png,11:53,713,,,,09:55,35,,,True,False,False,False,42,False,False,,11:35,0.3500854969024658,,1,1,5
rege_ood_noisy_blender_000019,noisy,images/sample_00019.png,02:58,178,,,,12:51,51,,,True,False,False,False,127,False,False,,12:53,0.3224809169769287,,1,2,5
rege_ood_noisy_blender_000020,noisy,images/sample_00020.png,01:49,109,,,,03:50,230,,,True,False,False,False,121,False,False,,04:40,0.32183027267456055,,1,2,5
rege_ood_noisy_blender_000021,noisy,images/sample_00021.png,02:10,130,02:10:00,7800,0,04:25,265,,,True,False,False,False,135,False,False,,05:26,0.31641101837158203,,1,2,5
rege_ood_noisy_blender_000022,noisy,images/sample_00022.png,03:11,191,,,,01:03,63,,,True,False,False,False,128,False,False,,01:03,0.3180711269378662,,1,2,5
rege_ood_noisy_blender_000023,noisy,images/sample_00023.png,02:24,144,,,,03:26,206,,,True,False,False,False,62,False,False,,03:26,0.31473326683044434,,1,4,5
rege_ood_noisy_blender_000024,noisy,images/sample_00024.png,08:14,494,08:14:58,29698,58,10:15,615,,,True,False,False,False,121,False,False,,10:15,0.36890625953674316,,1,3,5
rege_ood_noisy_blender_000025,noisy,images/sample_00025.png,07:31,451,,,,07:30,450,,,True,False,True,True,1,True,False,,07:30,0.3132815361022949,,1,3,5
rege_ood_noisy_blender_000026,noisy,images/sample_00026.png,05:43,343,,,,04:30,270,,,True,False,False,False,73,False,False,,05:47,0.3191537857055664,,1,1,5
rege_ood_noisy_blender_000027,noisy,images/sample_00027.png,05:54,354,05:54:31,21271,31,03:25,205,,,True,False,False,False,149,False,False,,08:40,0.2946779727935791,,1,1,5
rege_ood_noisy_blender_000028,noisy,images/sample_00028.png,04:23,263,,,,05:32,332,,,True,False,False,False,69,False,False,,05:32,0.29567861557006836,,1,1,5
rege_ood_noisy_blender_000029,noisy,images/sample_00029.png,03:30,210,,,,05:40,340,,,True,False,False,False,130,False,False,,05:32,0.30649256706237793,,1,2,5
rege_ood_noisy_blender_000030,noisy,images/sample_00030.png,03:44,224,,,,02:54,174,,,True,False,False,False,50,False,False,,11:56,0.3107261657714844,,1,1,5
rege_ood_noisy_blender_000031,noisy,images/sample_00031.png,01:03,63,01:03:13,3793,13,02:04,124,,,True,False,False,False,61,False,False,,03:04,0.3160877227783203,,1,2,5
rege_ood_noisy_blender_000032,noisy,images/sample_00032.png,08:56,536,,,,03:25,205,,,True,False,False,False,331,False,False,,03:25,0.2954978942871094,,1,2,5
rege_ood_noisy_blender_000033,noisy,images/sample_00033.png,01:30,90,,,,05:00,300,,,True,False,False,False,210,False,False,,06:08,0.31571340560913086,,1,1,5
rege_ood_noisy_blender_000034,noisy,images/sample_00034.png,11:54,714,11:54:49,42889,49,02:40,160,,,True,False,False,False,166,False,False,,02:40,0.29932403564453125,,1,1,5
rege_ood_noisy_blender_000035,noisy,images/sample_00035.png,07:03,423,,,,01:02,62,,,True,False,False,False,359,False,False,,02:02,0.2981724739074707,,1,2,5
rege_ood_noisy_blender_000036,noisy,images/sample_00036.png,02:51,171,02:51:03,10263,3,03:51,231,,,True,False,False,False,60,False,True,,03:52,0.30205368995666504,,1,3,5
rege_ood_noisy_blender_000037,noisy,images/sample_00037.png,06:51,411,,,,03:25,205,,,True,False,False,False,206,False,False,,03:25,0.3185422420501709,,1,2,5
rege_ood_noisy_blender_000038,noisy,images/sample_00038.png,05:24,324,,,,07:33,453,,,True,False,False,False,129,False,False,,07:33,0.29373955726623535,,1,4,5
rege_ood_noisy_blender_000039,noisy,images/sample_00039.png,02:16,136,02:16:48,8208,48,01:02,62,,,True,False,False,False,74,False,False,,01:01,0.2912890911102295,,1,3,5
rege_ood_noisy_blender_000040,noisy,images/sample_00040.png,05:12,312,05:12:59,18779,59,05:12,312,,,True,True,True,True,0,True,True,,05:12,0.33191514015197754,,1,5,5
rege_ood_noisy_blender_000041,noisy,images/sample_00041.png,12:44,44,12:44:16,2656,16,12:45,45,,,True,False,True,True,1,True,False,,12:45,0.30686283111572266,,1,5,5
rege_ood_noisy_blender_000042,noisy,images/sample_00042.png,07:26,446,07:26:59,26819,59,07:26,446,,,True,True,True,True,0,True,True,,07:26,0.30825281143188477,,1,3,5
rege_ood_noisy_blender_000043,noisy,images/sample_00043.png,05:30,330,,,,03:16,196,,,True,False,False,False,134,False,False,,03:16,0.30260777473449707,,1,2,5
rege_ood_noisy_blender_000044,noisy,images/sample_00044.png,07:52,472,07:52:47,28367,47,06:49,409,,,True,False,False,False,63,False,False,,06:49,0.33692359924316406,,1,2,5
rege_ood_noisy_blender_000045,noisy,images/sample_00045.png,01:06,66,01:06:43,4003,43,03:13,193,,,True,False,False,False,127,False,False,,03:13,0.29346537590026855,,1,3,5
rege_ood_noisy_blender_000046,noisy,images/sample_00046.png,04:37,277,,,,05:16,316,,,True,False,False,False,39,False,False,,05:16,0.3034512996673584,,1,3,5
rege_ood_noisy_blender_000047,noisy,images/sample_00047.png,07:20,440,,,,07:20,440,,,True,True,True,True,0,True,True,,07:21,0.30143094062805176,,1,4,5
rege_ood_noisy_blender_000048,noisy,images/sample_00048.png,08:00,480,,,,08:58,538,,,True,False,False,False,58,True,False,,08:58,0.29509830474853516,,1,2,5
rege_ood_noisy_blender_000049,noisy,images/sample_00049.png,07:58,478,07:58:45,28725,45,08:58,538,,,True,False,False,False,60,False,True,,08:58,0.2959730625152588,,1,3,5
rege_ood_noisy_blender_000050,noisy,images/sample_00050.png,02:30,150,02:30:23,9023,23,02:30,150,,,True,True,True,True,0,True,True,,02:30,0.3372366428375244,,1,3,5
rege_ood_noisy_blender_000051,noisy,images/sample_00051.png,06:29,389,06:29:21,23361,21,05:30,330,,,True,False,False,False,59,False,False,,06:30,0.29252147674560547,,1,2,5
rege_ood_noisy_blender_000052,noisy,images/sample_00052.png,05:28,328,,,,01:07,67,,,True,False,False,False,261,False,False,,03:39,0.2912254333496094,,1,2,5
rege_ood_noisy_blender_000053,noisy,images/sample_00053.png,01:28,88,,,,05:09,309,,,True,False,False,False,221,False,False,,05:09,0.2987935543060303,,1,3,5
rege_ood_noisy_blender_000054,noisy,images/sample_00054.png,09:10,550,,,,03:25,205,,,True,False,False,False,345,False,False,,03:25,0.29576611518859863,,1,3,5
rege_ood_noisy_blender_000055,noisy,images/sample_00055.png,12:27,27,12:27:29,1649,29,02:37,157,,,True,False,False,False,130,False,False,,02:37,0.29105687141418457,,1,2,5
rege_ood_noisy_blender_000056,noisy,images/sample_00056.png,05:22,322,,,,05:21,321,,,True,False,True,True,1,True,False,,05:21,0.29456067085266113,,1,5,5
rege_ood_noisy_blender_000057,noisy,images/sample_00057.png,10:32,632,,,,03:55,235,,,True,False,False,False,323,False,False,,06:53,0.29210591316223145,,1,1,5
rege_ood_noisy_blender_000058,noisy,images/sample_00058.png,01:03,63,01:03:54,3834,54,02:09,129,,,True,False,False,False,66,False,False,,02:25,0.29770469665527344,,1,2,5
rege_ood_noisy_blender_000059,noisy,images/sample_00059.png,05:03,303,,,,05:03,303,,,True,True,True,True,0,True,True,,05:03,0.2918543815612793,,1,4,5
rege_ood_noisy_blender_000060,noisy,images/sample_00060.png,11:58,718,11:58:39,43119,39,11:46,706,,,True,False,False,False,12,True,False,,11:46,0.2941434383392334,,1,2,5
rege_ood_noisy_blender_000061,noisy,images/sample_00061.png,12:14,14,,,,11:07,667,,,True,False,False,False,67,False,False,,11:07,0.2925891876220703,,1,3,5
rege_ood_noisy_blender_000062,noisy,images/sample_00062.png,08:08,488,08:08:26,29306,26,08:11,491,,,True,False,False,True,3,True,False,,08:10,0.2953000068664551,,1,2,5
rege_ood_noisy_blender_000063,noisy,images/sample_00063.png,02:47,167,02:47:58,10078,58,02:48,168,,,True,False,True,True,1,True,False,,02:48,0.3117847442626953,,1,3,5
rege_ood_noisy_blender_000064,noisy,images/sample_00064.png,10:47,647,10:47:25,38845,25,09:41,581,,,True,False,False,False,66,False,False,,09:41,0.30620527267456055,,1,3,5
rege_ood_noisy_blender_000065,noisy,images/sample_00065.png,04:21,261,04:21:48,15708,48,02:48,168,,,True,False,False,False,93,False,False,,03:48,0.3032352924346924,,1,1,5
rege_ood_noisy_blender_000066,noisy,images/sample_00066.png,05:15,315,,,,05:17,317,,,True,False,False,True,2,True,False,,05:17,0.30315089225769043,,1,2,5
rege_ood_noisy_blender_000067,noisy,images/sample_00067.png,09:58,598,09:58:53,35933,53,09:57,597,,,True,False,True,True,1,True,False,,10:56,0.3037378787994385,,1,2,5
rege_ood_noisy_blender_000068,noisy,images/sample_00068.png,12:32,32,,,,01:31,176,,,True,False,False,False,144,False,False,,01:31,0.2955594062805176,,1,1,5
rege_ood_noisy_blender_000069,noisy,images/sample_00069.png,10:03,603,10:03:54,36234,54,06:49,409,,,True,False,False,False,194,False,False,,10:16,0.2938063144683838,,1,2,5
rege_ood_noisy_blender_000070,noisy,images/sample_00070.png,12:16,16,,,,12:12,12,,,True,False,False,True,4,True,False,,12:13,0.3190932273864746,,1,3,5
rege_ood_noisy_blender_000071,noisy,images/sample_00071.png,12:34,34,,,,12:34,34,,,True,True,True,True,0,True,True,,12:35,0.315523624420166,,1,2,5
rege_ood_noisy_blender_000072,noisy,images/sample_00072.png,06:27,387,06:27:59,23279,59,07:42,462,,,True,False,False,False,75,False,False,,04:12,0.3100292682647705,,1,2,5
rege_ood_noisy_blender_000073,noisy,images/sample_00073.png,03:14,194,03:14:33,11673,33,03:17,197,,,True,False,False,True,3,True,False,,03:17,0.31928038597106934,,1,4,5
rege_ood_noisy_blender_000074,noisy,images/sample_00074.png,10:46,646,10:46:45,38805,45,09:46,586,,,True,False,False,False,60,False,True,,10:47,0.315976619720459,,1,2,5
rege_ood_noisy_blender_000075,noisy,images/sample_00075.png,07:02,422,,,,07:02,422,,,True,True,True,True,0,True,True,,07:03,0.3113386631011963,,1,3,5
rege_ood_noisy_blender_000076,noisy,images/sample_00076.png,05:00,300,,,,05:01,301,,,True,False,True,True,1,True,False,,05:02,0.31113433837890625,,1,3,5
rege_ood_noisy_blender_000077,noisy,images/sample_00077.png,07:18,438,,,,06:06,366,,,True,False,False,False,72,False,False,,06:06,0.32137036323547363,,1,2,5
rege_ood_noisy_blender_000078,noisy,images/sample_00078.png,04:34,274,,,,03:25,205,,,True,False,False,False,69,False,False,,06:25,0.32178354263305664,,1,1,5
rege_ood_noisy_blender_000079,noisy,images/sample_00079.png,07:35,455,07:35:39,27339,39,06:35,395,,,True,False,False,False,60,False,True,,07:25,0.3166069984436035,,1,1,5
rege_ood_noisy_blender_000080,noisy,images/sample_00080.png,04:14,254,04:14:42,15282,42,04:15,255,,,True,False,True,True,1,True,False,,04:15,0.33133625984191895,,1,5,5
rege_ood_noisy_blender_000081,noisy,images/sample_00081.png,07:33,453,07:33:59,27239,59,07:32,452,,,True,False,True,True,1,True,False,,07:32,0.31862378120422363,,1,3,5
rege_ood_noisy_blender_000082,noisy,images/sample_00082.png,09:08,548,09:08:50,32930,50,10:25,625,,,True,False,False,False,77,False,False,,08:25,0.28771305084228516,,1,2,5
rege_ood_noisy_blender_000083,noisy,images/sample_00083.png,09:22,562,,,,08:18,498,,,True,False,False,False,64,False,False,,08:18,0.28738999366760254,,1,4,5
rege_ood_noisy_blender_000084,noisy,images/sample_00084.png,11:32,692,,,,09:31,571,,,True,False,False,False,121,False,False,,09:31,0.3311314582824707,,1,3,5
rege_ood_noisy_blender_000085,noisy,images/sample_00085.png,02:13,133,02:13:19,7999,19,12:08,8,,,True,False,False,False,125,False,False,,12:08,0.32042622566223145,,1,3,5
rege_ood_noisy_blender_000086,noisy,images/sample_00086.png,04:26,266,,,,05:28,328,,,True,False,False,False,62,False,False,,05:28,0.3148074150085449,,1,4,5
rege_ood_noisy_blender_000087,noisy,images/sample_00087.png,11:24,684,11:24:46,41086,46,12:28,28,,,True,False,False,False,64,False,False,,12:27,0.31540846824645996,,1,4,5
rege_ood_noisy_blender_000088,noisy,images/sample_00088.png,09:56,596,09:56:49,35809,49,08:53,533,,,True,False,False,False,63,False,False,,08:54,0.3231058120727539,,1,3,5
rege_ood_noisy_blender_000089,noisy,images/sample_00089.png,08:50,530,,,,03:30,210,,,True,False,False,False,320,False,False,,09:54,0.3155183792114258,,1,1,5
rege_ood_noisy_blender_000090,noisy,images/sample_00090.png,11:07,667,,,,10:03,603,,,True,False,False,False,64,False,False,,10:55,0.3160233497619629,,1,2,5
rege_ood_noisy_blender_000091,noisy,images/sample_00091.png,02:51,171,02:51:27,10287,27,12:38,38,,,True,False,False,False,133,False,False,,12:38,0.3360595703125,,1,3,5
rege_ood_noisy_blender_000092,noisy,images/sample_00092.png,12:11,11,,,,12:11,11,,,True,True,True,True,0,True,True,,12:10,0.32384610176086426,,1,3,5
rege_ood_noisy_blender_000093,noisy,images/sample_00093.png,12:06,6,,,,12:04,4,,,True,False,False,True,2,True,False,,12:04,0.2954978942871094,,1,5,5
rege_ood_noisy_blender_000094,noisy,images/sample_00094.png,01:28,88,,,,02:45,165,,,True,False,False,False,77,False,False,,03:25,0.29340195655822754,,1,1,5
rege_ood_noisy_blender_000095,noisy,images/sample_00095.png,10:44,644,,,,07:32,452,,,True,False,False,False,192,False,False,,10:32,0.3302485942840576,,1,1,5
rege_ood_noisy_blender_000096,noisy,images/sample_00096.png,06:03,363,06:03:31,21811,31,05:03,303,,,True,False,False,False,60,False,True,,05:01,0.29700636863708496,,1,3,5
rege_ood_noisy_blender_000097,noisy,images/sample_00097.png,12:18,18,12:18:20,1100,20,01:18,78,,,True,False,False,False,60,False,True,,12:18,0.29348158836364746,,1,3,5
rege_ood_noisy_blender_000098,noisy,images/sample_00098.png,05:49,349,05:49:55,20995,55,03:25,205,,,True,False,False,False,144,False,False,,06:35,0.29458189010620117,,1,1,5
rege_ood_noisy_blender_000099,noisy,images/sample_00099.png,07:00,420,07:00:18,25218,18,03:25,205,,,True,False,False,False,215,False,False,,06:49,0.31610798835754395,,1,1,5
rege_ood_noisy_blender_000100,noisy,images/sample_00100.png,06:10,370,,,,06:10,370,,,True,True,True,True,0,True,True,,06:10,0.30626559257507324,,1,4,5
rege_ood_noisy_blender_000101,noisy,images/sample_00101.png,07:39,459,07:39:35,27575,35,08:41,521,,,True,False,False,False,62,False,False,,08:42,0.31545019149780273,,1,1,5
rege_ood_noisy_blender_000102,noisy,images/sample_00102.png,06:38,398,,,,03:25,205,,,True,False,False,False,193,False,False,,11:44,0.3204922676086426,,1,2,5
rege_ood_noisy_blender_000103,noisy,images/sample_00103.png,10:24,624,,,,10:25,625,,,True,False,True,True,1,True,False,,10:25,0.3189072608947754,,1,2,5
rege_ood_noisy_blender_000104,noisy,images/sample_00104.png,07:57,477,,,,09:03,543,,,True,False,False,False,66,False,False,,09:03,0.32106733322143555,,1,3,5
rege_ood_noisy_blender_000105,noisy,images/sample_00105.png,10:46,646,10:46:25,38785,25,10:49,649,,,True,False,False,True,3,True,False,,10:49,0.3171060085296631,,1,2,5
rege_ood_noisy_blender_000106,noisy,images/sample_00106.png,08:54,534,08:54:40,32080,40,03:25,205,,,True,False,False,False,329,False,False,,07:43,0.30701541900634766,,1,2,5
rege_ood_noisy_blender_000107,noisy,images/sample_00107.png,08:54,534,08:54:55,32095,55,08:56,536,,,True,False,False,True,2,True,False,,08:56,0.32120776176452637,,1,5,5
rege_ood_noisy_blender_000108,noisy,images/sample_00108.png,07:00,420,07:00:58,25258,58,04:57,297,,,True,False,False,False,123,False,False,,11:58,0.33774614334106445,,1,1,5
rege_ood_noisy_blender_000109,noisy,images/sample_00109.png,12:58,58,,,,04:10,250,,,True,False,False,False,192,False,False,,04:08,0.3359110355377197,,1,3,5
rege_ood_noisy_blender_000110,noisy,images/sample_00110.png,07:40,460,07:40:40,27640,40,06:34,394,,,True,False,False,False,66,False,False,,06:34,0.3163731098175049,,1,3,5
rege_ood_noisy_blender_000111,noisy,images/sample_00111.png,12:46,46,12:46:57,2817,57,01:52,112,,,True,False,False,False,66,False,False,,01:53,0.3168501853942871,,1,1,5
rege_ood_noisy_blender_000112,noisy,images/sample_00112.png,11:27,687,,,,12:28,28,,,True,False,False,False,61,False,False,,12:27,0.33024001121520996,,1,3,5
rege_ood_noisy_blender_000113,noisy,images/sample_00113.png,04:38,278,,,,03:35,215,,,True,False,False,False,63,False,False,,03:36,0.31987857818603516,,1,4,5
rege_ood_noisy_blender_000114,noisy,images/sample_00114.png,02:28,148,02:28:20,8900,20,02:26,146,,,True,False,False,True,2,True,False,,02:27,0.31720733642578125,,1,3,5
rege_ood_noisy_blender_000115,noisy,images/sample_00115.png,04:52,292,,,,04:25,265,,,True,False,False,False,27,True,False,,10:25,0.31364941596984863,,1,1,5
rege_ood_noisy_blender_000116,noisy,images/sample_00116.png,08:11,491,,,,03:25,205,,,True,False,False,False,286,False,False,,12:01,0.32390379905700684,,1,2,5
rege_ood_noisy_blender_000117,noisy,images/sample_00117.png,04:30,270,04:30:47,16247,47,01:09,159,,,True,False,False,False,111,False,False,,12:08,0.30031609535217285,,1,1,5
rege_ood_noisy_blender_000118,noisy,images/sample_00118.png,12:13,13,,,,11:06,666,,,True,False,False,False,67,False,False,,11:06,0.3065915107727051,,1,4,5
rege_ood_noisy_blender_000119,noisy,images/sample_00119.png,08:21,501,08:21:29,30089,29,06:11,371,,,True,False,False,False,130,False,False,,06:11,0.3019986152648926,,1,3,5
rege_ood_noisy_blender_000120,noisy,images/sample_00120.png,04:34,274,04:34:33,16473,33,05:37,337,,,True,False,False,False,63,False,False,,05:37,0.3110926151275635,,1,3,5
rege_ood_noisy_blender_000121,noisy,images/sample_00121.png,02:46,166,02:46:46,10006,46,02:27,147,,,True,False,False,False,19,True,False,,11:56,0.31218957901000977,,1,1,5
rege_ood_noisy_blender_000122,noisy,images/sample_00122.png,09:45,585,09:45:34,35134,34,12:58,58,,,True,False,False,False,193,False,False,,12:58,0.3149864673614502,,1,3,5
rege_ood_noisy_blender_000123,noisy,images/sample_00123.png,10:22,622,10:22:34,37354,34,10:18,618,,,True,False,False,True,4,True,False,,10:17,0.3139357566833496,,1,3,5
rege_ood_noisy_blender_000124,noisy,images/sample_00124.png,05:38,338,05:38:37,20317,37,05:40,340,,,True,False,False,True,2,True,False,,05:39,0.3073756694793701,,1,4,5
rege_ood_noisy_blender_000125,noisy,images/sample_00125.png,08:19,499,,,,07:12,432,,,True,False,False,False,67,False,False,,07:13,0.31333208084106445,,1,2,5
rege_ood_noisy_blender_000126,noisy,images/sample_00126.png,05:37,337,,,,06:40,400,,,True,False,False,False,63,False,False,,06:40,0.3056755065917969,,1,3,5
rege_ood_noisy_blender_000127,noisy,images/sample_00127.png,06:51,411,06:51:13,24673,13,11:15,675,,,True,False,False,False,264,False,False,,09:16,0.3051435947418213,,1,2,5
rege_ood_noisy_blender_000128,noisy,images/sample_00128.png,08:26,506,08:26:23,30383,23,10:37,637,,,True,False,False,False,131,False,False,,06:37,0.326671838760376,,1,2,5
rege_ood_noisy_blender_000129,noisy,images/sample_00129.png,12:48,48,,,,11:44,704,,,True,False,False,False,64,False,False,,11:45,0.31568479537963867,,1,2,5
rege_ood_noisy_blender_000130,noisy,images/sample_00130.png,07:51,471,,,,07:48,468,,,True,False,False,True,3,True,False,,07:49,0.2887084484100342,,1,2,5
rege_ood_noisy_blender_000131,noisy,images/sample_00131.png,10:02,602,,,,10:03,603,,,True,False,True,True,1,True,False,,10:03,0.2875039577484131,,1,4,5
rege_ood_noisy_blender_000132,noisy,images/sample_00132.png,01:59,119,01:59:21,7161,21,12:01,1,,,True,False,False,False,118,False,False,,12:49,0.2856333255767822,,1,1,5
rege_ood_noisy_blender_000133,noisy,images/sample_00133.png,11:16,676,,,,03:03,183,,,True,False,False,False,227,False,False,,03:03,0.2874133586883545,,1,1,5
rege_ood_noisy_blender_000134,noisy,images/sample_00134.png,01:52,112,,,,01:53,113,,,True,False,True,True,1,True,False,,04:25,0.2876017093658447,,1,2,5
rege_ood_noisy_blender_000135,noisy,images/sample_00135.png,02:38,158,,,,01:36,96,,,True,False,False,False,62,False,False,,02:37,0.30475687980651855,,1,3,5
rege_ood_noisy_blender_000136,noisy,images/sample_00136.png,08:36,516,,,,03:25,205,,,True,False,False,False,311,False,False,,03:25,0.2898268699645996,,1,2,5
rege_ood_noisy_blender_000137,noisy,images/sample_00137.png,02:23,143,02:23:51,8631,51,02:25,145,,,True,False,False,True,2,True,False,,02:25,0.28620100021362305,,1,5,5
rege_ood_noisy_blender_000138,noisy,images/sample_00138.png,04:04,244,04:04:18,14658,18,05:15,315,,,True,False,False,False,71,False,False,,05:17,0.28545165061950684,,1,2,5
rege_ood_noisy_blender_000139,noisy,images/sample_00139.png,06:25,385,,,,06:25,385,,,True,True,True,True,0,True,True,,03:25,0.28875732421875,,1,3,5
rege_ood_noisy_blender_000140,noisy,images/sample_00140.png,12:11,11,,,,12:08,8,,,True,False,False,True,3,True,False,,12:08,0.29019784927368164,,1,3,5
rege_ood_noisy_blender_000141,noisy,images/sample_00141.png,03:23,203,,,,03:35,215,,,True,False,False,False,12,True,False,,03:35,0.28773927688598633,,1,2,5
rege_ood_noisy_blender_000142,noisy,images/sample_00142.png,03:03,183,03:03:05,10985,5,03:05,185,,,True,False,False,True,2,True,False,,04:06,0.2951967716217041,,1,2,5
rege_ood_noisy_blender_000143,noisy,images/sample_00143.png,01:13,73,01:13:58,4438,58,12:12,12,,,True,False,False,False,61,False,False,,02:10,0.3050236701965332,,1,2,5
rege_ood_noisy_blender_000144,noisy,images/sample_00144.png,11:49,709,11:49:22,42562,22,09:35,575,,,True,False,False,False,134,False,False,,09:35,0.3135497570037842,,1,2,5
rege_ood_noisy_blender_000145,noisy,images/sample_00145.png,07:02,422,,,,06:58,418,,,True,False,False,True,4,False,False,,07:01,0.29132986068725586,,1,2,5
rege_ood_noisy_blender_000146,noisy,images/sample_00146.png,02:40,160,02:40:37,9637,37,12:32,32,,,True,False,False,False,128,False,False,,12:33,0.3187894821166992,,1,4,5
rege_ood_noisy_blender_000147,noisy,images/sample_00147.png,10:55,655,10:55:33,39333,33,01:02,104,,,True,False,False,False,169,False,False,,12:43,0.3195481300354004,,1,1,5
rege_ood_noisy_blender_000148,noisy,images/sample_00148.png,02:53,173,02:53:44,10424,44,02:53,173,,,True,True,True,True,0,True,True,,02:53,0.30294132232666016,,1,3,5
rege_ood_noisy_blender_000149,noisy,images/sample_00149.png,07:49,469,07:49:07,28147,7,06:49,409,,,True,False,False,False,60,False,True,,07:49,0.2979154586791992,,1,4,5
rege_ood_noisy_blender_000150,noisy,images/sample_00150.png,11:29,689,11:29:29,41369,29,11:30,690,,,True,False,True,True,1,True,False,,11:28,0.3154737949371338,,1,2,5
rege_ood_noisy_blender_000151,noisy,images/sample_00151.png,10:00,600,,,,12:03,3,,,True,False,False,False,123,False,False,,12:03,0.3077113628387451,,1,2,5
rege_ood_noisy_blender_000152,noisy,images/sample_00152.png,12:33,33,12:33:41,2021,41,02:42,162,,,True,False,False,False,129,False,False,,02:42,0.3042449951171875,,1,3,5
rege_ood_noisy_blender_000153,noisy,images/sample_00153.png,09:07,547,,,,12:18,18,,,True,False,False,False,191,False,False,,12:18,0.3199758529663086,,1,2,5
rege_ood_noisy_blender_000154,noisy,images/sample_00154.png,01:08,68,01:08:55,4135,55,01:09,69,,,True,False,True,True,1,True,False,,01:08,0.3160593509674072,,1,3,5
rege_ood_noisy_blender_000155,noisy,images/sample_00155.png,02:33,153,,,,02:32,152,,,True,False,True,True,1,True,False,,02:33,0.301344633102417,,1,4,5
rege_ood_noisy_blender_000156,noisy,images/sample_00156.png,01:23,83,,,,02:33,153,,,True,False,False,False,70,False,False,,02:33,0.30503177642822266,,1,2,5
rege_ood_noisy_blender_000157,noisy,images/sample_00157.png,06:55,415,,,,03:25,205,,,True,False,False,False,210,False,False,,08:03,0.3109147548675537,,1,1,5
rege_ood_noisy_blender_000158,noisy,images/sample_00158.png,08:03,483,08:03:38,29018,38,08:03,483,,,True,True,True,True,0,True,True,,08:03,0.2965397834777832,,1,4,5
rege_ood_noisy_blender_000159,noisy,images/sample_00159.png,05:28,328,,,,01:25,205,,,True,False,False,False,123,False,False,,05:11,0.296844482421875,,1,1,5
rege_ood_noisy_blender_000160,noisy,images/sample_00160.png,04:45,285,,,,04:49,289,,,True,False,False,True,4,True,False,,04:49,0.30803894996643066,,1,2,5
rege_ood_noisy_blender_000161,noisy,images/sample_00161.png,07:12,432,,,,05:04,304,,,True,False,False,False,128,False,False,,05:04,0.30088186264038086,,1,2,5
rege_ood_noisy_blender_000162,noisy,images/sample_00162.png,01:28,88,01:28:47,5327,47,10:14,614,,,True,False,False,False,194,False,False,,10:15,0.3005228042602539,,1,2,5
rege_ood_noisy_blender_000163,noisy,images/sample_00163.png,06:34,394,06:34:34,23674,34,06:41,401,,,True,False,False,False,7,True,False,,06:41,0.30030083656311035,,1,3,5
rege_ood_noisy_blender_000164,noisy,images/sample_00164.png,09:32,572,,,,09:32,572,,,True,True,True,True,0,True,True,,09:32,0.30881166458129883,,1,3,5
rege_ood_noisy_blender_000165,noisy,images/sample_00165.png,01:23,83,01:23:52,5032,52,03:26,206,,,True,False,False,False,123,False,False,,03:32,0.31334447860717773,,1,1,5
rege_ood_noisy_blender_000166,noisy,images/sample_00166.png,02:00,120,,,,12:55,55,,,True,False,False,False,65,False,False,,12:54,0.3083162307739258,,1,4,5
rege_ood_noisy_blender_000167,noisy,images/sample_00167.png,11:50,710,11:50:37,42637,37,09:50,590,,,True,False,False,False,120,False,True,,10:40,0.3023648262023926,,1,2,5
rege_ood_noisy_blender_000168,noisy,images/sample_00168.png,09:54,594,09:54:44,35684,44,11:04,54,,,True,False,False,False,180,False,True,,12:03,0.296924352645874,,1,2,5
rege_ood_noisy_blender_000169,noisy,images/sample_00169.png,05:20,320,05:20:42,19242,42,05:18,318,,,True,False,False,True,2,True,False,,05:18,0.31238293647766113,,1,4,5
rege_ood_noisy_blender_000170,noisy,images/sample_00170.png,06:47,407,06:47:21,24441,21,07:50,470,,,True,False,False,False,63,False,False,,07:50,0.3123464584350586,,1,2,5
rege_ood_noisy_blender_000171,noisy,images/sample_00171.png,11:05,665,,,,10:01,601,,,True,False,False,False,64,False,False,,10:01,0.30106019973754883,,1,5,5
rege_ood_noisy_blender_000172,noisy,images/sample_00172.png,08:52,532,08:52:13,31933,13,12:05,5,12:05:27,327,True,False,False,False,193,False,False,False,12:05:27,0.34190940856933594,,1,2,5
rege_ood_noisy_blender_000173,noisy,images/sample_00173.png,03:06,186,03:06:15,11175,15,12:53,53,,,True,False,False,False,133,False,False,,12:56,0.2911508083343506,,1,2,5
rege_ood_noisy_blender_000174,noisy,images/sample_00174.png,03:56,236,03:56:08,14168,8,05:03,303,,,True,False,False,False,67,False,False,,05:03,0.3046684265136719,,1,3,5
rege_ood_noisy_blender_000175,noisy,images/sample_00175.png,01:07,67,,,,03:14,194,,,True,False,False,False,127,False,False,,03:12,0.29118776321411133,,1,2,5
rege_ood_noisy_blender_000176,noisy,images/sample_00176.png,12:31,31,,,,12:30,30,,,True,False,True,True,1,True,False,,12:30,0.2891426086425781,,1,3,5
rege_ood_noisy_blender_000177,noisy,images/sample_00177.png,11:16,676,,,,10:05,605,,,True,False,False,False,71,False,False,,10:05,0.30890393257141113,,1,2,5
rege_ood_noisy_blender_000178,noisy,images/sample_00178.png,02:14,134,,,,02:14,134,,,True,True,True,True,0,True,True,,02:14,0.30397462844848633,,1,2,5
rege_ood_noisy_blender_000179,noisy,images/sample_00179.png,07:20,440,07:20:36,26436,36,07:23,443,,,True,False,False,True,3,True,False,,08:25,0.31834912300109863,,1,1,5
rege_ood_noisy_blender_000180,noisy,images/sample_00180.png,10:49,649,,,,07:35,455,,,True,False,False,False,194,False,False,,07:38,0.2955172061920166,,1,2,5
rege_ood_noisy_blender_000181,noisy,images/sample_00181.png,10:53,653,,,,12:58,58,,,True,False,False,False,125,False,False,,12:58,0.2944915294647217,,1,5,5
rege_ood_noisy_blender_000182,noisy,images/sample_00182.png,05:43,343,05:43:48,20628,48,06:44,404,,,True,False,False,False,61,False,False,,06:44,0.29253363609313965,,1,2,5
rege_ood_noisy_blender_000183,noisy,images/sample_00183.png,05:51,351,,,,05:51,351,,,True,True,True,True,0,True,True,,05:51,0.28864288330078125,,1,2,5
rege_ood_noisy_blender_000184,noisy,images/sample_00184.png,07:38,458,07:38:44,27524,44,05:37,337,,,True,False,False,False,121,False,False,,05:37,0.2902493476867676,,1,4,5
rege_ood_noisy_blender_000185,noisy,images/sample_00185.png,07:39,459,,,,09:48,588,,,True,False,False,False,129,False,False,,09:48,0.2915809154510498,,1,2,5
rege_ood_noisy_blender_000186,noisy,images/sample_00186.png,05:49,349,,,,06:35,395,,,True,False,False,False,46,False,False,,03:25,0.3121209144592285,,1,3,5
rege_ood_noisy_blender_000187,noisy,images/sample_00187.png,02:58,178,,,,04:00,240,,,True,False,False,False,62,False,False,,04:00,0.3087642192840576,,1,3,5
rege_ood_noisy_blender_000188,noisy,images/sample_00188.png,05:57,357,,,,03:25,205,,,True,False,False,False,152,False,False,,02:42,0.3085649013519287,,1,2,5
rege_ood_noisy_blender_000189,noisy,images/sample_00189.png,07:18,438,,,,07:17,437,,,True,False,True,True,1,True,False,,07:17,0.31203603744506836,,1,4,5
rege_ood_noisy_blender_000190,noisy,images/sample_00190.png,11:31,691,,,,10:30,630,,,True,False,False,False,61,False,False,,11:30,0.30303502082824707,,1,1,5
rege_ood_noisy_blender_000191,noisy,images/sample_00191.png,11:19,679,,,,11:18,678,,,True,False,True,True,1,True,False,,11:19,0.2935750484466553,,1,4,5
rege_ood_noisy_blender_000192,noisy,images/sample_00192.png,08:18,498,08:18:57,29937,57,09:23,563,,,True,False,False,False,65,False,False,,09:23,0.2962772846221924,,1,2,5
rege_ood_noisy_blender_000193,noisy,images/sample_00193.png,05:08,308,05:08:00,18480,0,01:53,113,,,True,False,False,False,195,False,False,,02:21,0.2999706268310547,,1,1,5
rege_ood_noisy_blender_000194,noisy,images/sample_00194.png,12:58,58,,,,12:53,53,,,True,False,False,True,5,True,False,,12:53,0.30066347122192383,,1,2,5
rege_ood_noisy_blender_000195,noisy,images/sample_00195.png,06:18,378,06:18:42,22722,42,08:27,507,,,True,False,False,False,129,False,False,,08:27,0.32817935943603516,,1,2,5
rege_ood_noisy_blender_000196,noisy,images/sample_00196.png,08:24,504,08:24:18,30258,18,03:23,203,,,True,False,False,False,301,False,False,,07:24,0.32067418098449707,,1,1,5
rege_ood_noisy_blender_000197,noisy,images/sample_00197.png,08:17,497,,,,05:03,303,,,True,False,False,False,194,False,False,,05:02,0.3162038326263428,,1,2,5
rege_ood_noisy_blender_000198,noisy,images/sample_00198.png,05:30,330,,,,03:25,205,,,True,False,False,False,125,False,False,,03:25,0.315213680267334,,1,4,5
rege_ood_noisy_blender_000199,noisy,images/sample_00199.png,08:27,507,,,,08:25,505,,,True,False,False,True,2,True,False,,09:31,0.32338762283325195,,1,1,5
rege_ood_noisy_blender_000200,noisy,images/sample_00200.png,07:04,424,,,,07:05,425,,,True,False,True,True,1,True,False,,07:05,0.3209867477416992,,1,2,5
rege_ood_noisy_blender_000201,noisy,images/sample_00201.png,06:59,419,,,,03:25,205,,,True,False,False,False,214,False,False,,03:25,0.3099782466888428,,1,2,5
rege_ood_noisy_blender_000202,noisy,images/sample_00202.png,05:27,327,05:27:16,19636,16,03:25,205,,,True,False,False,False,122,False,False,,03:25,0.31903648376464844,,1,2,5
rege_ood_noisy_blender_000203,noisy,images/sample_00203.png,02:06,126,02:06:32,7592,32,12:03,3,,,True,False,False,False,123,False,False,,12:54,0.3216710090637207,,1,1,5
rege_ood_noisy_blender_000204,noisy,images/sample_00204.png,11:54,714,11:54:39,42879,39,01:03,63,,,True,False,False,False,69,False,False,,01:03,0.3146331310272217,,1,3,5
rege_ood_noisy_blender_000205,noisy,images/sample_00205.png,07:00,420,07:00:33,25233,33,07:00,420,,,True,True,True,True,0,True,True,,07:00,0.32857728004455566,,1,4,5
rege_ood_noisy_blender_000206,noisy,images/sample_00206.png,09:43,583,,,,09:42,582,,,True,False,True,True,1,True,False,,09:42,0.3193345069885254,,1,3,5
rege_ood_noisy_blender_000207,noisy,images/sample_00207.png,03:44,224,03:44:44,13484,44,06:59,419,,,True,False,False,False,195,False,False,,06:59,0.3194584846496582,,1,2,5
rege_ood_noisy_blender_000208,noisy,images/sample_00208.png,03:38,218,,,,02:34,154,,,True,False,False,False,64,False,False,,02:33,0.3330214023590088,,1,4,5
rege_ood_noisy_blender_000209,noisy,images/sample_00209.png,12:53,53,12:53:16,3196,16,12:50,50,,,True,False,False,True,3,True,False,,12:50,0.30376315116882324,,1,4,5
rege_ood_noisy_blender_000210,noisy,images/sample_00210.png,02:42,162,,,,01:31,152,,,True,False,False,False,10,True,False,,01:31,0.31777095794677734,,1,1,5
rege_ood_noisy_blender_000211,noisy,images/sample_00211.png,05:10,310,05:10:41,18641,41,05:09,309,,,True,False,True,True,1,True,False,,05:09,0.3107001781463623,,1,2,5
rege_ood_noisy_blender_000212,noisy,images/sample_00212.png,12:29,29,,,,12:28,28,,,True,False,True,True,1,True,False,,12:29,0.29828763008117676,,1,3,5
rege_ood_noisy_blender_000213,noisy,images/sample_00213.png,12:55,55,,,,01:58,118,,,True,False,False,False,63,False,False,,01:57,0.30242061614990234,,1,3,5
rege_ood_noisy_blender_000214,noisy,images/sample_00214.png,06:31,391,06:31:58,23518,58,03:25,205,,,True,False,False,False,186,False,False,,05:30,0.2993006706237793,,1,1,5
rege_ood_noisy_blender_000215,noisy,images/sample_00215.png,07:07,427,,,,03:25,205,,,True,False,False,False,222,False,False,,05:53,0.3044419288635254,,1,2,5
rege_ood_noisy_blender_000216,noisy,images/sample_00216.png,11:08,668,,,,12:09,9,,,True,False,False,False,61,False,False,,12:09,0.2996180057525635,,1,4,5
rege_ood_noisy_blender_000217,noisy,images/sample_00217.png,11:31,691,11:31:28,41488,28,03:25,205,,,True,False,False,False,234,False,False,,08:46,0.29657411575317383,,1,1,5
rege_ood_noisy_blender_000218,noisy,images/sample_00218.png,10:03,603,,,,03:25,205,,,True,False,False,False,322,False,False,,09:52,0.3108327388763428,,1,1,5
rege_ood_noisy_blender_000219,noisy,images/sample_00219.png,05:50,350,,,,05:48,348,,,True,False,False,True,2,True,False,,05:48,0.3395962715148926,,1,4,5
rege_ood_noisy_blender_000220,noisy,images/sample_00220.png,09:15,555,09:15:54,33354,54,02:45,165,,,True,False,False,False,330,False,False,,04:15,0.32817983627319336,,1,1,5
rege_ood_noisy_blender_000221,noisy,images/sample_00221.png,05:42,342,05:42:13,20533,13,05:16,316,,,True,False,False,False,26,True,False,,05:46,0.3198568820953369,,1,2,5
rege_ood_noisy_blender_000222,noisy,images/sample_00222.png,02:32,152,,,,02:31,151,,,True,False,True,True,1,True,False,,02:31,0.3160879611968994,,1,4,5
rege_ood_noisy_blender_000223,noisy,images/sample_00223.png,11:06,666,,,,02:20,140,,,True,False,False,False,194,False,False,,02:20,0.30899739265441895,,1,2,5
rege_ood_noisy_blender_000224,noisy,images/sample_00224.png,05:18,318,05:18:53,19133,53,02:04,124,,,True,False,False,False,194,False,False,,02:04,0.3128321170806885,,1,4,5
rege_ood_noisy_blender_000225,noisy,images/sample_00225.png,12:01,1,,,,09:47,587,,,True,False,False,False,134,False,False,,09:47,0.3229207992553711,,1,2,5
rege_ood_noisy_blender_000226,noisy,images/sample_00226.png,09:05,545,09:05:43,32743,43,09:05,545,,,True,True,True,True,0,True,True,,09:06,0.3209655284881592,,1,2,5
rege_ood_noisy_blender_000227,noisy,images/sample_00227.png,09:01,541,09:01:28,32488,28,10:04,604,,,True,False,False,False,63,False,False,,10:03,0.3043224811553955,,1,3,5
rege_ood_noisy_blender_000228,noisy,images/sample_00228.png,03:01,181,03:01:28,10888,28,02:25,145,,,True,False,False,False,36,False,False,,02:59,0.3056817054748535,,1,2,5
rege_ood_noisy_blender_000229,noisy,images/sample_00229.png,09:19,559,09:19:30,33570,30,10:25,625,,,True,False,False,False,66,False,False,,10:24,0.30134057998657227,,1,3,5
rege_ood_noisy_blender_000230,noisy,images/sample_00230.png,08:45,525,08:45:11,31511,11,08:46,526,,,True,False,True,True,1,True,False,,08:46,0.3016204833984375,,1,4,5
rege_ood_noisy_blender_000231,noisy,images/sample_00231.png,04:31,271,,,,05:35,335,,,True,False,False,False,64,False,False,,05:35,0.3139019012451172,,1,3,5
rege_ood_noisy_blender_000232,noisy,images/sample_00232.png,01:14,74,,,,01:12,72,,,True,False,False,True,2,True,False,,01:12,0.3136000633239746,,1,3,5
rege_ood_noisy_blender_000233,noisy,images/sample_00233.png,03:00,180,03:00:09,10809,9,03:00,180,,,True,True,True,True,0,True,True,,03:00,0.3207690715789795,,1,4,5
rege_ood_noisy_blender_000234,noisy,images/sample_00234.png,07:38,458,07:38:04,27484,4,07:39,459,,,True,False,True,True,1,True,False,,07:38,0.2945373058319092,,1,3,5
rege_ood_noisy_blender_000235,noisy,images/sample_00235.png,01:17,77,01:17:37,4657,37,02:24,144,,,True,False,False,False,67,False,False,,02:23,0.2891256809234619,,1,3,5
rege_ood_noisy_blender_000236,noisy,images/sample_00236.png,10:59,659,,,,01:10,70,,,True,False,False,False,131,False,False,,01:10,0.2938714027404785,,1,3,5
rege_ood_noisy_blender_000237,noisy,images/sample_00237.png,06:38,398,,,,06:38,398,,,True,True,True,True,0,True,True,,06:38,0.29239845275878906,,1,4,5
rege_ood_noisy_blender_000238,noisy,images/sample_00238.png,02:41,161,,,,12:33,33,,,True,False,False,False,128,False,False,,12:33,0.2894411087036133,,1,4,5
rege_ood_noisy_blender_000239,noisy,images/sample_00239.png,10:30,630,,,,10:29,629,,,True,False,True,True,1,True,False,,10:29,0.29115843772888184,,1,2,5
rege_ood_noisy_blender_000240,noisy,images/sample_00240.png,11:08,668,,,,11:12,672,,,True,False,False,True,4,True,False,,11:12,0.3001377582550049,,1,2,5
rege_ood_noisy_blender_000241,noisy,images/sample_00241.png,03:26,206,,,,03:25,205,,,True,False,True,True,1,True,False,,03:25,0.2972836494445801,,1,4,5
rege_ood_noisy_blender_000242,noisy,images/sample_00242.png,08:38,518,08:38:05,31085,5,08:37,517,,,True,False,True,True,1,True,False,,08:37,0.2960357666015625,,1,4,5
rege_ood_noisy_blender_000243,noisy,images/sample_00243.png,11:06,666,,,,10:03,603,,,True,False,False,False,63,False,False,,10:04,0.29343223571777344,,1,2,5
rege_ood_noisy_blender_000244,noisy,images/sample_00244.png,10:24,624,10:24:07,37447,7,03:25,205,,,True,False,False,False,301,False,False,,03:25,0.29152631759643555,,1,2,5
rege_ood_noisy_blender_000245,noisy,images/sample_00245.png,03:17,197,03:17:00,11820,0,01:03,363,,,True,False,False,False,166,False,False,,01:03,0.3021702766418457,,1,1,5
rege_ood_noisy_blender_000246,noisy,images/sample_00246.png,04:18,258,,,,04:17,257,,,True,False,True,True,1,True,False,,04:17,0.30075907707214355,,1,3,5
rege_ood_noisy_blender_000247,noisy,images/sample_00247.png,06:20,380,06:20:04,22804,4,06:18,378,,,True,False,False,True,2,True,False,,06:18,0.2918670177459717,,1,3,5
rege_ood_noisy_blender_000248,noisy,images/sample_00248.png,08:50,530,08:50:21,31821,21,09:55,595,,,True,False,False,False,65,False,False,,09:55,0.2881908416748047,,1,3,5
rege_ood_noisy_blender_000249,noisy,images/sample_00249.png,12:01,1,,,,03:25,205,,,True,False,False,False,204,False,False,,03:25,0.2896416187286377,,1,2,5
rege_ood_noisy_blender_000250,noisy,images/sample_00250.png,06:43,403,06:43:31,24211,31,06:45,405,,,True,False,False,True,2,True,False,,06:45,0.29900622367858887,,1,2,5
rege_ood_noisy_blender_000251,noisy,images/sample_00251.png,12:19,19,12:19:47,1187,47,12:23,23,,,True,False,False,True,4,True,False,,12:23,0.2978992462158203,,1,2,5
rege_ood_noisy_blender_000252,noisy,images/sample_00252.png,10:17,617,,,,10:13,613,,,True,False,False,True,4,True,False,,10:13,0.29070377349853516,,1,4,5
rege_ood_noisy_blender_000253,noisy,images/sample_00253.png,05:02,302,,,,01:55,115,,,True,False,False,False,187,False,False,,04:00,0.33392858505249023,,1,2,5
rege_ood_noisy_blender_000254,noisy,images/sample_00254.png,12:41,41,12:41:15,2475,15,12:47,47,,,True,False,False,False,6,True,False,,01:46,0.3081479072570801,,1,2,5
rege_ood_noisy_blender_000255,noisy,images/sample_00255.png,03:34,214,,,,03:33,213,,,True,False,True,True,1,True,False,,03:33,0.31099653244018555,,1,5,5
rege_ood_noisy_blender_000256,noisy,images/sample_00256.png,05:01,301,,,,06:40,400,,,True,False,False,False,99,False,False,,06:40,0.30706238746643066,,1,1,5
rege_ood_noisy_blender_000257,noisy,images/sample_00257.png,05:49,349,,,,03:35,215,,,True,False,False,False,134,False,False,,03:35,0.3343935012817383,,1,4,5
rege_ood_noisy_blender_000258,noisy,images/sample_00258.png,12:55,55,,,,12:53,53,,,True,False,False,True,2,True,False,,12:53,0.31638240814208984,,1,3,5
rege_ood_noisy_blender_000259,noisy,images/sample_00259.png,03:09,189,03:09:47,11387,47,03:08,188,,,True,False,True,True,1,True,False,,03:08,0.30686187744140625,,1,3,5
rege_ood_noisy_blender_000260,noisy,images/sample_00260.png,03:41,221,,,,01:33,213,,,True,False,False,False,8,True,False,,03:33,0.3148212432861328,,1,1,5
rege_ood_noisy_blender_000261,noisy,images/sample_00261.png,09:13,553,09:13:56,33236,56,10:52,652,,,True,False,False,False,99,False,False,,10:52,0.3081858158111572,,1,2,5
rege_ood_noisy_blender_000262,noisy,images/sample_00262.png,12:54,54,,,,12:58,58,,,True,False,False,True,4,True,False,,01:57,0.3136122226715088,,1,3,5
rege_ood_noisy_blender_000263,noisy,images/sample_00263.png,01:18,78,01:18:57,4737,57,12:10,10,12:10:50,650,True,False,False,False,68,False,False,False,12:40,0.33666563034057617,,1,2,5
rege_ood_noisy_blender_000264,noisy,images/sample_00264.png,07:36,456,,,,08:43,523,,,True,False,False,False,67,False,False,,09:44,0.33162569999694824,,1,2,5
rege_ood_noisy_blender_000265,noisy,images/sample_00265.png,10:16,616,,,,01:25,205,,,True,False,False,False,309,False,False,,01:25,0.2988910675048828,,1,1,5
rege_ood_noisy_blender_000266,noisy,images/sample_00266.png,10:01,601,10:01:02,36062,2,01:23,467,,,True,False,False,False,134,False,False,,07:49,0.3223233222961426,,1,1,5
rege_ood_noisy_blender_000267,noisy,images/sample_00267.png,03:58,238,03:58:11,14291,11,12:41,41,,,True,False,False,False,197,False,False,,01:48,0.31791067123413086,,1,2,5
rege_ood_noisy_blender_000268,noisy,images/sample_00268.png,05:00,300,,,,04:00,240,,,True,False,False,False,60,False,True,,01:59,0.3397362232208252,,1,3,5
rege_ood_noisy_blender_000269,noisy,images/sample_00269.png,08:17,497,08:17:15,29835,15,07:04,424,,,True,False,False,False,73,False,False,,05:05:02,0.3658137321472168,,1,2,5
rege_ood_noisy_blender_000270,noisy,images/sample_00270.png,09:02,542,09:02:48,32568,48,09:02,542,,,True,True,True,True,0,True,True,,09:02,0.328519344329834,,1,4,5
rege_ood_noisy_blender_000271,noisy,images/sample_00271.png,08:21,501,,,,03:25,205,,,True,False,False,False,296,False,False,,07:49,0.31888246536254883,,1,2,5
rege_ood_noisy_blender_000272,noisy,images/sample_00272.png,12:23,23,,,,10:09,609,,,True,False,False,False,134,False,False,,10:09,0.3281595706939697,,1,3,5
rege_ood_noisy_blender_000273,noisy,images/sample_00273.png,07:19,439,,,,08:25,505,,,True,False,False,False,66,False,False,,08:25,0.3340907096862793,,1,5,5
rege_ood_noisy_blender_000274,noisy,images/sample_00274.png,11:56,716,11:56:58,43018,58,12:02,2,,,True,False,False,False,6,False,False,,12:02,0.32422876358032227,,1,2,5
rege_ood_noisy_blender_000275,noisy,images/sample_00275.png,09:20,560,,,,08:22,502,,,True,False,False,False,58,False,False,,08:22,0.32302236557006836,,1,3,5
rege_ood_noisy_blender_000276,noisy,images/sample_00276.png,06:16,376,06:16:28,22588,28,06:14,374,,,True,False,False,True,2,True,False,,06:14,0.3196713924407959,,1,3,5
rege_ood_noisy_blender_000277,noisy,images/sample_00277.png,08:04,484,,,,10:06,606,,,True,False,False,False,122,False,False,,10:06,0.3220865726470947,,1,2,5
rege_ood_noisy_blender_000278,noisy,images/sample_00278.png,11:36,696,11:36:06,41766,6,12:40,40,,,True,False,False,False,64,False,False,,12:40,0.32677221298217773,,1,3,5
rege_ood_noisy_blender_000279,noisy,images/sample_00279.png,02:32,152,02:32:29,9149,29,02:25,145,,,True,False,False,False,7,True,False,,07:26,0.32231926918029785,,1,1,5
rege_ood_noisy_blender_000280,noisy,images/sample_00280.png,11:06,666,11:06:41,40001,41,01:12,72,,,True,False,False,False,126,False,False,,12:11,0.34536242485046387,,1,3,5
rege_ood_noisy_blender_000281,noisy,images/sample_00281.png,04:39,279,,,,04:43,283,,,True,False,False,True,4,True,False,,04:43,0.32722997665405273,,1,3,5
rege_ood_noisy_blender_000282,noisy,images/sample_00282.png,09:40,580,09:40:09,34809,9,09:42,582,,,True,False,False,True,2,True,False,,10:18,0.31975364685058594,,1,1,5
rege_ood_noisy_blender_000283,noisy,images/sample_00283.png,08:26,506,08:26:19,30379,19,09:25,565,,,True,False,False,False,59,False,False,,09:25,0.3264048099517822,,1,3,5
rege_ood_noisy_blender_000284,noisy,images/sample_00284.png,08:58,538,08:58:20,32300,20,11:09,669,,,True,False,False,False,131,False,False,,11:09,0.323775053024292,,1,5,5
rege_ood_noisy_blender_000285,noisy,images/sample_00285.png,08:36,516,,,,07:46,466,,,True,False,False,False,50,False,False,,07:46,0.3266160488128662,,1,2,5
rege_ood_noisy_blender_000286,noisy,images/sample_00286.png,10:04,604,10:04:11,36251,11,10:06,606,,,True,False,False,True,2,True,False,,10:06,0.3266427516937256,,1,3,5
rege_ood_noisy_blender_000287,noisy,images/sample_00287.png,06:43,403,06:43:44,24224,44,06:48,408,,,True,False,False,True,5,True,False,,06:48,0.32350802421569824,,1,1,5
rege_ood_noisy_blender_000288,noisy,images/sample_00288.png,01:00,60,01:00:46,3646,46,10:45,645,,,True,False,False,False,135,False,False,,09:46,0.3246273994445801,,1,2,5
rege_ood_noisy_blender_000289,noisy,images/sample_00289.png,11:22,682,,,,12:25,25,,,True,False,False,False,63,False,False,,12:25,0.33012962341308594,,1,4,5
rege_ood_noisy_blender_000290,noisy,images/sample_00290.png,11:22,682,,,,01:34,94,,,True,False,False,False,132,False,False,,07:34,0.32640719413757324,,1,2,5
rege_ood_noisy_blender_000291,noisy,images/sample_00291.png,08:59,539,,,,06:47,407,,,True,False,False,False,132,False,False,,07:47,0.32099390029907227,,1,2,5
rege_ood_noisy_blender_000292,noisy,images/sample_00292.png,02:55,175,,,,03:25,205,,,True,False,False,False,30,False,False,,03:25,0.3261830806732178,,1,1,5
rege_ood_noisy_blender_000293,noisy,images/sample_00293.png,06:43,403,,,,06:34,394,,,True,False,False,False,9,True,False,,06:33,0.3208136558532715,,1,3,5
rege_ood_noisy_blender_000294,noisy,images/sample_00294.png,11:38,698,,,,07:50,470,,,True,False,False,False,228,False,False,,10:44,0.31855344772338867,,1,2,5
rege_ood_noisy_blender_000295,noisy,images/sample_00295.png,12:38,38,12:38:35,2315,35,01:26,86,,,True,False,False,False,48,False,False,,01:26,0.34758543968200684,,1,2,5
rege_ood_noisy_blender_000296,noisy,images/sample_00296.png,05:11,311,,,,05:11,311,,,True,True,True,True,0,True,True,,05:11,0.33182716369628906,,1,3,5
rege_ood_noisy_blender_000297,noisy,images/sample_00297.png,08:39,519,,,,07:35,455,,,True,False,False,False,64,False,False,,07:35,0.32236790657043457,,1,4,5
rege_ood_noisy_blender_000298,noisy,images/sample_00298.png,05:03,303,,,,04:03,243,,,True,False,False,False,60,False,True,,04:03,0.3304111957550049,,1,4,5
rege_ood_noisy_blender_000299,noisy,images/sample_00299.png,08:17,497,,,,08:14,494,,,True,False,False,True,3,True,False,,08:14,0.30069780349731445,,1,3,5
rege_ood_noisy_blender_000300,noisy,images/sample_00300.png,07:51,471,,,,05:35,335,,,True,False,False,False,136,False,False,,06:35,0.3235960006713867,,1,1,5
rege_ood_noisy_blender_000301,noisy,images/sample_00301.png,01:13,73,,,,01:20,80,,,True,False,False,False,7,True,False,,01:20,0.33158016204833984,,1,3,5
rege_ood_noisy_blender_000302,noisy,images/sample_00302.png,04:11,251,,,,02:02,122,,,True,False,False,False,129,False,False,,02:02,0.327211856842041,,1,2,5
rege_ood_noisy_blender_000303,noisy,images/sample_00303.png,06:13,373,06:13:15,22395,15,05:27,327,,,True,False,False,False,46,False,False,,07:29,0.3222496509552002,,1,1,5
rege_ood_noisy_blender_000304,noisy,images/sample_00304.png,09:33,573,09:33:28,34408,28,07:25,445,,,True,False,False,False,128,False,False,,07:25,0.32238078117370605,,1,4,5
rege_ood_noisy_blender_000305,noisy,images/sample_00305.png,09:06,546,09:06:28,32788,28,09:26,566,,,True,False,False,False,20,True,False,,09:08,0.32569003105163574,,1,3,5
rege_ood_noisy_blender_000306,noisy,images/sample_00306.png,02:46,166,,,,02:45,165,,,True,False,True,True,1,True,False,,02:45,0.3334493637084961,,1,4,5
rege_ood_noisy_blender_000307,noisy,images/sample_00307.png,07:58,478,,,,06:48,408,,,True,False,False,False,70,False,False,,06:48,0.3226802349090576,,1,2,5
rege_ood_noisy_blender_000308,noisy,images/sample_00308.png,09:20,560,09:20:23,33623,23,01:04,184,,,True,False,False,False,344,False,False,,01:04,0.32976436614990234,,1,1,5
rege_ood_noisy_blender_000309,noisy,images/sample_00309.png,06:48,408,,,,03:30,210,,,True,False,False,False,198,False,False,,03:30,0.33064723014831543,,1,2,5
rege_ood_noisy_blender_000310,noisy,images/sample_00310.png,06:31,391,06:31:59,23519,59,03:45,225,,,True,False,False,False,166,False,False,,07:47,0.3286468982696533,,1,1,5
rege_ood_noisy_blender_000311,noisy,images/sample_00311.png,05:35,335,05:35:12,20112,12,04:26,266,,,True,False,False,False,69,False,False,,03:25,0.3232152462005615,,1,3,5
rege_ood_noisy_blender_000312,noisy,images/sample_00312.png,11:48,708,11:48:50,42530,50,11:48,48,,,True,False,False,False,60,False,True,,12:48,0.32937169075012207,,1,2,5
rege_ood_noisy_blender_000313,noisy,images/sample_00313.png,08:34,514,,,,07:26,446,,,True,False,False,False,68,False,False,,07:25,0.32627081871032715,,1,3,5
rege_ood_noisy_blender_000314,noisy,images/sample_00314.png,06:32,392,06:32:01,23521,1,03:25,205,,,True,False,False,False,187,False,False,,03:25,0.3147702217102051,,1,2,5
rege_ood_noisy_blender_000315,noisy,images/sample_00315.png,04:05,245,,,,05:07,307,,,True,False,False,False,62,False,False,,05:07,0.3022143840789795,,1,5,5
rege_ood_noisy_blender_000316,noisy,images/sample_00316.png,11:53,713,11:53:28,42808,28,11:53,713,,,True,True,True,True,0,True,True,,11:53,0.3513050079345703,,1,4,5
rege_ood_noisy_blender_000317,noisy,images/sample_00317.png,10:09,609,10:09:48,36588,48,10:11,611,,,True,False,False,True,2,True,False,,10:11,0.32720088958740234,,1,3,5
rege_ood_noisy_blender_000318,noisy,images/sample_00318.png,04:36,276,,,,05:39,339,,,True,False,False,False,63,False,False,,05:39,0.3286738395690918,,1,4,5
rege_ood_noisy_blender_000319,noisy,images/sample_00319.png,05:15,315,05:15:36,18936,36,05:15,315,,,True,True,True,True,0,True,True,,05:15,0.3308141231536865,,1,3,5
rege_ood_noisy_blender_000320,noisy,images/sample_00320.png,09:58,598,09:58:16,35896,16,07:50,470,,,True,False,False,False,128,False,False,,07:50,0.32291126251220703,,1,4,5
rege_ood_noisy_blender_000321,noisy,images/sample_00321.png,12:56,56,,,,04:18,258,,,True,False,False,False,202,False,False,,04:19,0.3430328369140625,,1,2,5
rege_ood_noisy_blender_000322,noisy,images/sample_00322.png,02:11,131,,,,01:10,165,,,True,False,False,False,34,True,False,,01:10,0.3256552219390869,,1,1,5
rege_ood_noisy_blender_000323,noisy,images/sample_00323.png,04:43,283,,,,01:29,476,,,True,False,False,False,193,False,False,,07:56,0.32868027687072754,,1,1,5
rege_ood_noisy_blender_000324,noisy,images/sample_00324.png,03:40,220,,,,03:36,216,,,True,False,False,True,4,True,False,,03:37,0.3381061553955078,,1,2,5
rege_ood_noisy_blender_000325,noisy,images/sample_00325.png,12:57,57,12:57:20,3440,20,02:56,176,,,True,False,False,False,119,False,False,,1:54,0.31237149238586426,,1,2,5
rege_ood_noisy_blender_000326,noisy,images/sample_00326.png,02:47,167,,,,03:25,205,03:25:54,12354,True,False,False,False,38,False,False,,04:20,0.33289647102355957,,1,2,5
rege_ood_noisy_blender_000327,noisy,images/sample_00327.png,02:30,150,,,,02:25,145,,,True,False,False,True,5,True,False,,02:25,0.3412132263183594,,1,5,5
rege_ood_noisy_blender_000328,noisy,images/sample_00328.png,03:49,229,,,,02:41,161,,,True,False,False,False,68,False,False,,02:42,0.3419945240020752,,1,1,5
rege_ood_noisy_blender_000329,noisy,images/sample_00329.png,01:12,72,,,,01:10,70,,,True,False,False,True,2,True,False,,12:09,0.3261144161224365,,1,2,5
rege_ood_noisy_blender_000330,noisy,images/sample_00330.png,09:09,549,,,,09:06,546,,,True,False,False,True,3,True,False,,09:07,0.319080114364624,,1,3,5
rege_ood_noisy_blender_000331,noisy,images/sample_00331.png,07:54,474,,,,06:47,407,,,True,False,False,False,67,False,False,,05:46,0.3260064125061035,,1,2,5
rege_ood_noisy_blender_000332,noisy,images/sample_00332.png,12:23,23,,,,06:10,370,,,True,False,False,False,347,False,False,,06:12,0.3261597156524658,,1,2,5
rege_ood_noisy_blender_000333,noisy,images/sample_00333.png,03:40,220,03:40:40,13240,40,03:42,222,,,True,False,False,True,2,True,False,,03:42,0.3257110118865967,,1,2,5
rege_ood_noisy_blender_000334,noisy,images/sample_00334.png,09:17,557,09:17:38,33458,38,09:16,556,,,True,False,True,True,1,True,False,,09:16,0.3355405330657959,,1,5,5
rege_ood_noisy_blender_000335,noisy,images/sample_00335.png,05:19,319,05:19:31,19171,31,04:39,279,,,True,False,False,False,40,False,False,,04:39,0.3219869136810303,,1,3,5
rege_ood_noisy_blender_000336,noisy,images/sample_00336.png,05:07,307,,,,06:10,370,,,True,False,False,False,63,False,False,,06:10,0.31225109100341797,,1,4,5
rege_ood_noisy_blender_000337,noisy,images/sample_00337.png,07:41,461,,,,06:34,394,,,True,False,False,False,67,False,False,,06:34,0.31026601791381836,,1,3,5
rege_ood_noisy_blender_000338,noisy,images/sample_00338.png,09:51,591,,,,09:52,592,,,True,False,True,True,1,True,False,,09:52,0.3252067565917969,,1,1,5
rege_ood_noisy_blender_000339,noisy,images/sample_00339.png,11:09,669,,,,10:11,611,,,True,False,False,False,58,False,False,,10:11,0.33413004875183105,,1,3,5
rege_ood_noisy_blender_000340,noisy,images/sample_00340.png,10:12,612,,,,11:19,679,,,True,False,False,False,67,False,False,,10:19,0.31909608840942383,,1,4,5
rege_ood_noisy_blender_000341,noisy,images/sample_00341.png,06:12,372,06:12:49,22369,49,06:10,370,,,True,False,False,True,2,True,False,,06:10,0.32173657417297363,,1,5,5
rege_ood_noisy_blender_000342,noisy,images/sample_00342.png,07:24,444,,,,07:24,444,,,True,True,True,True,0,True,True,,05:23,0.32665109634399414,,1,3,5
rege_ood_noisy_blender_000343,noisy,images/sample_00343.png,09:09,549,,,,09:09,549,,,True,True,True,True,0,True,True,,09:08,0.34401965141296387,,1,2,5
rege_ood_noisy_blender_000344,noisy,images/sample_00344.png,03:40,220,,,,03:41,221,,,True,False,True,True,1,True,False,,03:41,0.3464808464050293,,1,3,5
rege_ood_noisy_blender_000345,noisy,images/sample_00345.png,09:43,583,,,,09:45,585,,,True,False,False,True,2,True,False,,08:46,0.33171987533569336,,1,2,5
rege_ood_noisy_blender_000346,noisy,images/sample_00346.png,05:58,358,,,,05:57,357,,,True,False,True,True,1,True,False,,05:57,0.322035551071167,,1,2,5
rege_ood_noisy_blender_000347,noisy,images/sample_00347.png,12:55,55,12:55:38,3338,38,10:49,649,,,True,False,False,False,126,False,False,,10:48,0.3328888416290283,,1,4,5
rege_ood_noisy_blender_000348,noisy,images/sample_00348.png,11:36,696,11:36:05,41765,5,11:34,694,,,True,False,False,True,2,True,False,,11:34,0.2998619079589844,,1,4,5
rege_ood_noisy_blender_000349,noisy,images/sample_00349.png,05:46,346,05:46:08,20768,8,06:49,409,,,True,False,False,False,63,False,False,,06:49,0.32698822021484375,,1,5,5
rege_ood_noisy_blender_000350,noisy,images/sample_00350.png,09:52,592,,,,12:03,3,,,True,False,False,False,131,False,False,,12:03,0.3275609016418457,,1,2,5
rege_ood_noisy_blender_000351,noisy,images/sample_00351.png,03:15,195,,,,03:25,205,,,True,False,False,False,10,True,False,,03:16,0.3358185291290283,,1,2,5
rege_ood_noisy_blender_000352,noisy,images/sample_00352.png,06:31,391,06:31:08,23468,8,04:22,262,,,True,False,False,False,129,False,False,,04:22,0.32724666595458984,,1,3,5
rege_ood_noisy_blender_000353,noisy,images/sample_00353.png,03:29,209,03:29:28,12568,28,01:17,77,,,True,False,False,False,132,False,False,,01:17,0.32250356674194336,,1,2,5
rege_ood_noisy_blender_000354,noisy,images/sample_00354.png,11:42,702,11:42:13,42133,13,12:47,47,,,True,False,False,False,65,False,False,,12:47,0.3234822750091553,,1,3,5
rege_ood_noisy_blender_000355,noisy,images/sample_00355.png,07:23,443,07:23:28,26608,28,07:24,444,,,True,False,True,True,1,True,False,,07:25,0.3249976634979248,,1,3,5
rege_ood_noisy_blender_000356,noisy,images/sample_00356.png,06:05,365,,,,03:25,205,,,True,False,False,False,160,False,False,,03:25,0.33255481719970703,,1,3,5
rege_ood_noisy_blender_000357,noisy,images/sample_00357.png,01:31,91,,,,01:31,91,,,True,True,True,True,0,True,True,,01:31,0.3272249698638916,,1,2,5
rege_ood_noisy_blender_000358,noisy,images/sample_00358.png,09:37,577,09:37:02,34622,2,07:25,445,,,True,False,False,False,132,False,False,,07:25,0.32591843605041504,,1,3,5
rege_ood_noisy_blender_000359,noisy,images/sample_00359.png,01:25,85,,,,02:32,152,,,True,False,False,False,67,False,False,,02:32,0.3101217746734619,,1,5,5
rege_ood_noisy_blender_000360,noisy,images/sample_00360.png,02:47,167,02:47:42,10062,42,02:43,163,,,True,False,False,True,4,True,False,,02:44,0.3138010501861572,,1,2,5
rege_ood_noisy_blender_000361,noisy,images/sample_00361.png,01:45,105,,,,01:49,109,,,True,False,False,True,4,True,False,,10:48,0.3391125202178955,,1,1,5
rege_ood_noisy_blender_000362,noisy,images/sample_00362.png,05:38,338,05:38:59,20339,59,05:40,340,,,True,False,False,True,2,True,False,,05:40,0.33997559547424316,,1,3,5
rege_ood_noisy_blender_000363,noisy,images/sample_00363.png,08:54,534,08:54:14,32054,14,10:45,645,,,True,False,False,False,111,False,False,,10:45,0.30638837814331055,,1,2,5
rege_ood_noisy_blender_000364,noisy,images/sample_00364.png,07:30,450,07:30:18,27018,18,05:23,323,,,True,False,False,False,127,False,False,,05:23,0.3130173683166504,,1,3,5
rege_ood_noisy_blender_000365,noisy,images/sample_00365.png,10:17,617,,,,10:20,620,,,True,False,False,True,3,True,False,,10:25,0.3109867572784424,,1,2,5
rege_ood_noisy_blender_000366,noisy,images/sample_00366.png,12:47,47,12:47:59,2879,59,12:46,46,,,True,False,True,True,1,True,False,,12:47,0.3139050006866455,,1,2,5
rege_ood_noisy_blender_000367,noisy,images/sample_00367.png,10:26,626,,,,09:25,565,,,True,False,False,False,61,False,False,,09:25,0.3477168083190918,,1,3,5
rege_ood_noisy_blender_000368,noisy,images/sample_00368.png,01:23,83,,,,04:03,243,,,True,False,False,False,160,False,False,,04:03,0.32823777198791504,,1,4,5
rege_ood_noisy_blender_000369,noisy,images/sample_00369.png,09:26,566,,,,07:18,438,,,True,False,False,False,128,False,False,,07:18,0.3250303268432617,,1,2,5
rege_ood_noisy_blender_000370,noisy,images/sample_00370.png,07:44,464,07:44:17,27857,17,10:56,656,,,True,False,False,False,192,False,False,,09:54,0.3221416473388672,,1,2,5
rege_ood_noisy_blender_000371,noisy,images/sample_00371.png,05:52,352,,,,03:25,205,,,True,False,False,False,147,False,False,,03:25,0.3224930763244629,,1,1,5
rege_ood_noisy_blender_000372,noisy,images/sample_00372.png,06:41,401,,,,06:42,402,,,True,False,True,True,1,True,False,,06:42,0.33074069023132324,,1,4,5
rege_ood_noisy_blender_000373,noisy,images/sample_00373.png,08:06,486,08:06:44,29204,44,07:03,423,,,True,False,False,False,63,False,False,,01:03,0.3264467716217041,,1,3,5
rege_ood_noisy_blender_000374,noisy,images/sample_00374.png,05:43,343,05:43:57,20637,57,06:46,406,,,True,False,False,False,63,False,False,,06:46,0.32248616218566895,,1,2,5
rege_ood_noisy_blender_000375,noisy,images/sample_00375.png,03:19,199,,,,05:27,327,,,True,False,False,False,128,False,False,,05:27,0.32278871536254883,,1,4,5
rege_ood_noisy_blender_000376,noisy,images/sample_00376.png,08:42,522,08:42:57,31377,57,08:50,530,,,True,False,False,False,8,True,False,,09:49,0.31697797775268555,,1,1,5
rege_ood_noisy_blender_000377,noisy,images/sample_00377.png,01:03,63,,,,01:02,62,,,True,False,True,True,1,True,False,,03:05,0.3233189582824707,,1,2,5
rege_ood_noisy_blender_000378,noisy,images/sample_00378.png,09:58,598,09:58:16,35896,16,01:12,72,,,True,False,False,False,194,False,False,,01:12,0.32999396324157715,,1,2,5
rege_ood_noisy_blender_000379,noisy,images/sample_00379.png,11:27,687,,,,01:31,30,,,True,False,False,False,63,False,False,,11:31,0.32434916496276855,,1,1,5
rege_ood_noisy_blender_000380,noisy,images/sample_00380.png,08:19,499,,,,09:21,561,,,True,False,False,False,62,False,False,,08:20,0.3256564140319824,,1,3,5
rege_ood_noisy_blender_000381,noisy,images/sample_00381.png,03:04,184,,,,01:15,75,,,True,False,False,False,109,False,False,,01:15,0.3252427577972412,,1,5,5
rege_ood_noisy_blender_000382,noisy,images/sample_00382.png,05:45,345,,,,05:43,343,,,True,False,False,True,2,True,False,,05:43,0.3182206153869629,,1,3,5
rege_ood_noisy_blender_000383,noisy,images/sample_00383.png,08:51,531,08:51:19,31879,19,11:05,665,,,True,False,False,False,134,False,False,,12:06,0.3324310779571533,,1,3,5
rege_ood_noisy_blender_000384,noisy,images/sample_00384.png,08:51,531,08:51:53,31913,53,08:51,531,,,True,True,True,True,0,True,True,,08:51,0.3280620574951172,,1,4,5
rege_ood_noisy_blender_000385,noisy,images/sample_00385.png,10:23,623,,,,06:25,385,,,True,False,False,False,238,False,False,,06:25,0.32205772399902344,,1,1,5
rege_ood_noisy_blender_000386,noisy,images/sample_00386.png,07:03,423,,,,06:02,362,,,True,False,False,False,61,False,False,,06:02,0.32776546478271484,,1,2,5
rege_ood_noisy_blender_000387,noisy,images/sample_00387.png,07:56,476,07:56:05,28565,5,07:56,476,,,True,True,True,True,0,True,True,,07:56,0.3270597457885742,,1,5,5
rege_ood_noisy_blender_000388,noisy,images/sample_00388.png,01:48,108,01:48:22,6502,22,01:49,109,,,True,False,True,True,1,True,False,,01:49,0.3221282958984375,,1,4,5
rege_ood_noisy_blender_000389,noisy,images/sample_00389.png,06:57,417,,,,06:57,417,,,True,True,True,True,0,True,True,,06:57,0.32761526107788086,,1,4,5
rege_ood_noisy_blender_000390,noisy,images/sample_00390.png,04:47,287,04:47:51,17271,51,03:35,215,,,True,False,False,False,72,False,False,,02:35,0.34226107597351074,,1,3,5
rege_ood_noisy_blender_000391,noisy,images/sample_00391.png,07:05,425,07:05:07,25507,7,12:01,1,,,True,False,False,False,296,False,False,,12:01,0.3284616470336914,,1,2,5
rege_ood_noisy_blender_000392,noisy,images/sample_00392.png,02:59,179,02:59:00,10740,0,03:10,190,,,True,False,False,False,11,False,False,,05:10,0.32342100143432617,,1,1,5
rege_ood_noisy_blender_000393,noisy,images/sample_00393.png,01:54,114,01:54:25,6865,25,12:58,58,,,True,False,False,False,56,False,False,,12:58,0.3225538730621338,,1,2,5
rege_ood_noisy_blender_000394,noisy,images/sample_00394.png,09:04,544,09:04:03,32643,3,01:12,132,,,True,False,False,False,308,False,False,,02:13,0.3202202320098877,,1,1,5
rege_ood_noisy_blender_000395,noisy,images/sample_00395.png,11:38,698,,,,06:22,12,,,True,False,False,False,34,False,False,,12:12,0.32371044158935547,,1,1,5
rege_ood_noisy_blender_000396,noisy,images/sample_00396.png,03:05,185,,,,12:54,54,,,True,False,False,False,131,False,False,,02:55,0.330233097076416,,1,2,5
rege_ood_noisy_blender_000397,noisy,images/sample_00397.png,06:39,399,06:39:36,23976,36,06:42,402,,,True,False,False,True,3,True,False,,07:46,0.3271677494049072,,1,1,5
rege_ood_noisy_blender_000398,noisy,images/sample_00398.png,03:10,190,03:10:15,11415,15,05:25,325,,,True,False,False,False,135,False,False,,05:25,0.32098913192749023,,1,3,5
rege_ood_noisy_blender_000399,noisy,images/sample_00399.png,12:15,15,,,,12:02,2,,,True,False,False,False,13,True,False,,12:03,0.3098130226135254,,1,2,5
rege_ood_noisy_blender_000400,noisy,images/sample_00400.png,10:01,601,,,,11:10,670,,,True,False,False,False,69,False,False,,11:11,0.3242502212524414,,1,2,5
rege_ood_noisy_blender_000401,noisy,images/sample_00401.png,08:51,531,,,,09:53,593,,,True,False,False,False,62,False,False,,10:54,0.3211669921875,,1,1,5
rege_ood_noisy_blender_000402,noisy,images/sample_00402.png,07:33,453,,,,06:27,387,,,True,False,False,False,66,False,False,,06:28,0.32268428802490234,,1,3,5
rege_ood_noisy_blender_000403,noisy,images/sample_00403.png,06:33,393,06:33:33,23613,33,03:25,205,,,True,False,False,False,188,False,False,,03:25,0.3235335350036621,,1,3,5
rege_ood_noisy_blender_000404,noisy,images/sample_00404.png,01:47,107,,,,01:33,93,,,True,False,False,False,14,True,False,,01:33,0.3232722282409668,,1,2,5
rege_ood_noisy_blender_000405,noisy,images/sample_00405.png,03:47,227,,,,02:44,164,,,True,False,False,False,63,False,False,,02:43,0.29952549934387207,,1,2,5
rege_ood_noisy_blender_000406,noisy,images/sample_00406.png,06:36,396,,,,05:34,334,,,True,False,False,False,62,False,False,,05:34,0.31171631813049316,,1,4,5
rege_ood_noisy_blender_000407,noisy,images/sample_00407.png,04:07,247,,,,03:25,205,,,True,False,False,False,42,False,False,,03:25,0.3404862880706787,,1,5,5
rege_ood_noisy_blender_000408,noisy,images/sample_00408.png,06:35,395,,,,06:38,398,,,True,False,False,True,3,True,False,,06:38,0.3270866870880127,,1,4,5
rege_ood_noisy_blender_000409,noisy,images/sample_00409.png,03:58,238,,,,12:42,42,,,True,False,False,False,196,False,False,,12:42,0.3194091320037842,,1,3,5
rege_ood_noisy_blender_000410,noisy,images/sample_00410.png,04:14,254,04:14:09,15249,9,02:03,123,,,True,False,False,False,131,False,False,,02:03,0.34404897689819336,,1,5,5
rege_ood_noisy_blender_000411,noisy,images/sample_00411.png,05:59,359,05:59:17,21557,17,11:58,718,,,True,False,False,False,359,False,False,,11:58,0.3294346332550049,,1,3,5
rege_ood_noisy_blender_000412,noisy,images/sample_00412.png,07:02,422,07:02:56,25376,56,01:03,363,,,True,False,False,False,59,False,False,,06:03,0.3286914825439453,,1,1,5
rege_ood_noisy_blender_000413,noisy,images/sample_00413.png,04:43,283,,,,03:39,219,,,True,False,False,False,64,False,False,,03:40,0.325122594833374,,1,3,5
rege_ood_noisy_blender_000414,noisy,images/sample_00414.png,07:28,448,,,,09:37,577,,,True,False,False,False,129,False,False,,09:37,0.32428622245788574,,1,4,5
rege_ood_noisy_blender_000415,noisy,images/sample_00415.png,11:24,684,11:24:19,41059,19,12:25,25,,,True,False,False,False,61,False,False,,12:25,0.3207671642303467,,1,5,5
rege_ood_noisy_blender_000416,noisy,images/sample_00416.png,02:53,173,02:53:22,10402,22,01:49,109,,,True,False,False,False,64,False,False,,01:49,0.3280768394470215,,1,2,5
rege_ood_noisy_blender_000417,noisy,images/sample_00417.png,04:57,297,04:57:23,17843,23,03:25,205,,,True,False,False,False,92,False,False,,02:49,0.2942187786102295,,1,4,5
rege_ood_noisy_blender_000418,noisy,images/sample_00418.png,05:30,330,,,,05:30,330,,,True,True,True,True,0,True,True,,05:30,0.32334136962890625,,1,2,5
rege_ood_noisy_blender_000419,noisy,images/sample_00419.png,10:13,613,10:13:47,36827,47,10:14,614,,,True,False,True,True,1,True,False,,10:14,0.3219420909881592,,1,4,5
rege_ood_noisy_blender_000420,noisy,images/sample_00420.png,11:41,701,11:41:56,42116,56,02:56,176,,,True,False,False,False,195,False,False,,02:56,0.3473794460296631,,1,2,5
rege_ood_noisy_blender_000421,noisy,images/sample_00421.png,07:11,431,,,,08:16,496,,,True,False,False,False,65,False,False,,08:16,0.32791638374328613,,1,4,5
rege_ood_noisy_blender_000422,noisy,images/sample_00422.png,07:23,443,07:23:38,26618,38,09:55,595,,,True,False,False,False,152,False,False,,09:40,0.3238563537597656,,1,2,5
rege_ood_noisy_blender_000423,noisy,images/sample_00423.png,11:22,682,,,,11:23,683,,,True,False,True,True,1,True,False,,11:23,0.3391087055206299,,1,3,5
rege_ood_noisy_blender_000424,noisy,images/sample_00424.png,12:20,20,12:20:35,1235,35,01:28,148,,,True,False,False,False,128,False,False,,12:27,0.330120325088501,,1,1,5
rege_ood_noisy_blender_000425,noisy,images/sample_00425.png,09:12,552,,,,09:12,552,,,True,True,True,True,0,True,True,,09:16,0.3113551139831543,,1,1,5
rege_ood_noisy_blender_000426,noisy,images/sample_00426.png,12:47,47,12:47:38,2858,38,12:42,42,,,True,False,False,True,5,True,False,,12:40,0.3106532096862793,,1,2,5
rege_ood_noisy_blender_000427,noisy,images/sample_00427.png,04:37,277,04:37:07,16627,7,01:24,116,,,True,False,False,False,161,False,False,,01:56,0.33182621002197266,,1,1,5
rege_ood_noisy_blender_000428,noisy,images/sample_00428.png,02:57,177,,,,12:15,15,,,True,False,False,False,162,False,False,,12:15,0.3247668743133545,,1,3,5
rege_ood_noisy_blender_000429,noisy,images/sample_00429.png,02:33,153,,,,01:24,144,,,True,False,False,False,9,True,False,,01:24,0.32590436935424805,,1,1,5
rege_ood_noisy_blender_000430,noisy,images/sample_00430.png,10:40,640,,,,11:46,706,,,True,False,False,False,66,False,False,,11:44,0.3232762813568115,,1,4,5
rege_ood_noisy_blender_000431,noisy,images/sample_00431.png,12:31,31,12:31:22,1882,22,03:25,205,,,True,False,False,False,174,False,False,,03:25,0.3321189880371094,,1,2,5
rege_ood_noisy_blender_000432,noisy,images/sample_00432.png,11:13,673,11:13:35,40415,35,10:07,607,,,True,False,False,False,66,False,False,,10:07,0.32572174072265625,,1,3,5
rege_ood_noisy_blender_000433,noisy,images/sample_00433.png,11:27,687,,,,12:37,37,,,True,False,False,False,70,False,False,,08:37,0.3275024890899658,,1,2,5
rege_ood_noisy_blender_000434,noisy,images/sample_00434.png,06:13,373,,,,06:25,385,,,True,False,False,False,12,True,False,,06:23,0.3502333164215088,,1,2,5
rege_ood_noisy_blender_000435,noisy,images/sample_00435.png,03:33,213,,,,03:25,205,,,True,False,False,False,8,True,False,,03:25,0.33305883407592773,,1,2,5
rege_ood_noisy_blender_000436,noisy,images/sample_00436.png,08:15,495,08:15:25,29725,25,06:11,371,,,True,False,False,False,124,False,False,,06:11,0.32021665573120117,,1,3,5
rege_ood_noisy_blender_000437,noisy,images/sample_00437.png,11:12,672,11:12:34,40354,34,12:12,12,,,True,False,False,False,60,False,True,,12:12,0.3401787281036377,,1,3,5
rege_ood_noisy_blender_000438,noisy,images/sample_00438.png,12:37,37,12:37:25,2245,25,12:37,37,,,True,True,True,True,0,True,True,,12:36,0.3222517967224121,,1,3,5
rege_ood_noisy_blender_000439,noisy,images/sample_00439.png,05:08,308,05:08:09,18489,9,05:08,308,,,True,True,True,True,0,True,True,,05:08,0.32785987854003906,,1,4,5
rege_ood_noisy_blender_000440,noisy,images/sample_00440.png,08:09,489,,,,09:16,556,,,True,False,False,False,67,False,False,,09:16,0.32663846015930176,,1,4,5
rege_ood_noisy_blender_000441,noisy,images/sample_00441.png,05:31,331,,,,07:40,460,,,True,False,False,False,129,False,False,,08:14,0.3219790458679199,,1,1,5
rege_ood_noisy_blender_000442,noisy,images/sample_00442.png,10:38,638,10:38:57,38337,57,09:32,572,,,True,False,False,False,66,False,False,,09:33,0.3192899227142334,,1,4,5
rege_ood_noisy_blender_000443,noisy,images/sample_00443.png,01:03,63,,,,06:02,362,,,True,False,False,False,299,False,False,,11:56,0.33179759979248047,,1,1,5
rege_ood_noisy_blender_000444,noisy,images/sample_00444.png,11:34,694,11:34:15,41655,15,12:34,34,,,True,False,False,False,60,False,True,,12:34,0.3307974338531494,,1,2,5
rege_ood_noisy_blender_000445,noisy,images/sample_00445.png,09:11,551,09:11:53,33113,53,05:23,323,,,True,False,False,False,228,False,False,,11:25,0.3326761722564697,,1,1,5
rege_ood_noisy_blender_000446,noisy,images/sample_00446.png,05:30,330,05:30:04,19804,4,05:26,326,,,True,False,False,True,4,True,False,,05:25,0.34650278091430664,,1,2,5
rege_ood_noisy_blender_000447,noisy,images/sample_00447.png,11:00,660,11:00:20,39620,20,02:47,167,,,True,False,False,False,227,False,False,,07:47,0.3164796829223633,,1,1,5
rege_ood_noisy_blender_000448,noisy,images/sample_00448.png,09:54,594,,,,09:54,594,,,True,True,True,True,0,True,True,,09:55,0.3120429515838623,,1,3,5
rege_ood_noisy_blender_000449,noisy,images/sample_00449.png,03:53,233,,,,02:48,168,,,True,False,False,False,65,False,False,,02:47,0.33115649223327637,,1,3,5
rege_ood_noisy_blender_000450,noisy,images/sample_00450.png,10:55,655,,,,12:57,57,,,True,False,False,False,122,False,False,,11:57,0.3143155574798584,,1,2,5
rege_ood_noisy_blender_000451,noisy,images/sample_00451.png,05:15,315,05:15:49,18949,49,03:25,205,,,True,False,False,False,110,False,False,,03:25,0.3115499019622803,,1,2,5
rege_ood_noisy_blender_000452,noisy,images/sample_00452.png,07:43,463,07:43:28,27808,28,03:25,205,,,True,False,False,False,258,False,False,,11:42,0.3286404609680176,,1,1,5
rege_ood_noisy_blender_000453,noisy,images/sample_00453.png,02:27,147,02:27:40,8860,40,03:27,207,,,True,False,False,False,60,False,True,,03:27,0.3314685821533203,,1,4,5
rege_ood_noisy_blender_000454,noisy,images/sample_00454.png,12:49,49,12:49:51,2991,51,02:25,145,,,True,False,False,False,96,False,False,,09:29,0.32004642486572266,,1,1,5
rege_ood_noisy_blender_000455,noisy,images/sample_00455.png,05:35,335,,,,05:34,334,,,True,False,True,True,1,True,False,,05:34,0.3243088722229004,,1,3,5
rege_ood_noisy_blender_000456,noisy,images/sample_00456.png,12:17,17,,,,02:26,146,,,True,False,False,False,129,False,False,,02:26,0.3255009651184082,,1,4,5
rege_ood_noisy_blender_000457,noisy,images/sample_00457.png,11:41,701,11:41:07,42067,7,11:40,700,,,True,False,True,True,1,True,False,,11:40,0.3006327152252197,,1,4,5
rege_ood_noisy_blender_000458,noisy,images/sample_00458.png,12:46,46,12:46:54,2814,54,01:50,110,,,True,False,False,False,64,False,False,,09:53,0.31829380989074707,,1,1,5
rege_ood_noisy_blender_000459,noisy,images/sample_00459.png,05:44,344,,,,03:25,205,,,True,False,False,False,139,False,False,,03:25,0.32315516471862793,,1,3,5
rege_ood_noisy_blender_000460,noisy,images/sample_00460.png,02:18,138,02:18:12,8292,12,02:18,138,,,True,True,True,True,0,True,True,,02:19,0.34446287155151367,,1,3,5
rege_ood_noisy_blender_000461,noisy,images/sample_00461.png,02:40,160,,,,03:04,184,,,True,False,False,False,24,False,False,,07:25,0.33667731285095215,,1,1,5
rege_ood_noisy_blender_000462,noisy,images/sample_00462.png,02:06,126,02:06:16,7576,16,03:08,188,,,True,False,False,False,62,False,False,,03:09,0.32881617546081543,,1,2,5
rege_ood_noisy_blender_000463,noisy,images/sample_00463.png,12:07,7,,,,12:06,6,,,True,False,True,True,1,True,False,,12:06,0.3407626152038574,,1,3,5
rege_ood_noisy_blender_000464,noisy,images/sample_00464.png,07:49,469,07:49:46,28186,46,10:02,602,,,True,False,False,False,133,False,False,,10:02,0.3415641784667969,,1,3,5
rege_ood_noisy_blender_000465,noisy,images/sample_00465.png,09:24,564,,,,10:25,625,,,True,False,False,False,61,False,False,,10:24,0.33147120475769043,,1,3,5
rege_ood_noisy_blender_000466,noisy,images/sample_00466.png,03:52,232,03:52:08,13928,8,03:49,229,,,True,False,False,True,3,True,False,,03:49,0.3111131191253662,,1,4,5
rege_ood_noisy_blender_000467,noisy,images/sample_00467.png,10:29,629,,,,10:33,633,,,True,False,False,True,4,True,False,,10:33,0.3090214729309082,,1,2,5
rege_ood_noisy_blender_000468,noisy,images/sample_00468.png,03:21,201,03:21:31,12091,31,02:12,132,,,True,False,False,False,69,False,False,,02:12,0.29169368743896484,,1,3,5
rege_ood_noisy_blender_000469,noisy,images/sample_00469.png,07:06,426,07:06:31,25591,31,06:02,362,,,True,False,False,False,64,False,False,,06:03,0.3232460021972656,,1,2,5
rege_ood_noisy_blender_000470,noisy,images/sample_00470.png,02:32,152,02:32:48,9168,48,02:32,152,,,True,True,True,True,0,True,True,,02:33,0.31145548820495605,,1,2,5
rege_ood_noisy_blender_000471,noisy,images/sample_00471.png,09:25,565,,,,04:47,287,,,True,False,False,False,278,False,False,,04:46,0.31566619873046875,,1,3,5
rege_ood_noisy_blender_000472,noisy,images/sample_00472.png,03:24,204,03:24:47,12287,47,04:14,254,,,True,False,False,False,50,False,False,,04:14,0.32183146476745605,,1,2,5
rege_ood_noisy_blender_000473,noisy,images/sample_00473.png,10:24,624,10:24:30,37470,30,03:25,205,,,True,False,False,False,301,False,False,,06:08,0.3216252326965332,,1,1,5
rege_ood_noisy_blender_000474,noisy,images/sample_00474.png,11:00,660,11:00:50,39650,50,02:11,131,,,True,False,False,False,191,False,False,,03:25,0.3216280937194824,,1,1,5
rege_ood_noisy_blender_000475,noisy,images/sample_00475.png,06:28,388,06:28:00,23280,0,05:23,323,,,True,False,False,False,65,False,False,,05:21,0.3243107795715332,,1,2,5
rege_ood_noisy_blender_000476,noisy,images/sample_00476.png,01:24,84,01:24:08,5048,8,02:20,140,,,True,False,False,False,56,False,False,,10:10,0.34800124168395996,,1,1,5
rege_ood_noisy_blender_000477,noisy,images/sample_00477.png,02:16,136,02:16:42,8202,42,01:09,69,,,True,False,False,False,67,False,False,,01:07,0.3275136947631836,,1,2,5
rege_ood_noisy_blender_000478,noisy,images/sample_00478.png,03:28,208,03:28:49,12529,49,04:34,274,,,True,False,False,False,66,False,False,,04:34,0.3257455825805664,,1,4,5
rege_ood_noisy_blender_000479,noisy,images/sample_00479.png,07:07,427,,,,05:03,303,,,True,False,False,False,124,False,False,,05:03,0.32468461990356445,,1,1,5
rege_ood_noisy_blender_000480,noisy,images/sample_00480.png,08:39,519,08:39:55,31195,55,08:48,528,,,True,False,False,False,9,True,False,,08:51,0.3386702537536621,,1,2,5
rege_ood_noisy_blender_000481,noisy,images/sample_00481.png,01:10,70,,,,12:03,3,,,True,False,False,False,67,False,False,,12:03,0.3244669437408447,,1,3,5
rege_ood_noisy_blender_000482,noisy,images/sample_00482.png,06:23,383,,,,07:27,447,,,True,False,False,False,64,False,False,,07:27,0.320889949798584,,1,2,5
rege_ood_noisy_blender_000483,noisy,images/sample_00483.png,08:45,525,08:45:20,31520,20,08:45,525,,,True,True,True,True,0,True,True,,06:44,0.3225977420806885,,1,2,5
rege_ood_noisy_blender_000484,noisy,images/sample_00484.png,10:06,606,10:06:50,36410,50,08:03,483,,,True,False,False,False,123,False,False,,08:03,0.32660937309265137,,1,2,5
rege_ood_noisy_blender_000485,noisy,images/sample_00485.png,02:14,134,,,,03:25,205,,,True,False,False,False,71,False,False,,03:25,0.3044555187225342,,1,2,5
rege_ood_noisy_blender_000486,noisy,images/sample_00486.png,08:21,501,,,,06:10,370,,,True,False,False,False,131,False,False,,06:10,0.30921316146850586,,1,5,5
rege_ood_noisy_blender_000487,noisy,images/sample_00487.png,04:36,276,,,,04:35,275,,,True,False,True,True,1,True,False,,04:35,0.32422971725463867,,1,4,5
rege_ood_noisy_blender_000488,noisy,images/sample_00488.png,10:54,654,,,,12:01,1,,,True,False,False,False,67,False,False,,03:25,0.3255293369293213,,1,2,5
rege_ood_noisy_blender_000489,noisy,images/sample_00489.png,11:46,706,,,,08:44,524,,,True,False,False,False,182,False,False,,08:44,0.32857322692871094,,1,2,5
rege_ood_noisy_blender_000490,noisy,images/sample_00490.png,07:21,441,,,,07:18,438,,,True,False,False,True,3,True,False,,07:20,0.32584619522094727,,1,2,5
rege_ood_noisy_blender_000491,noisy,images/sample_00491.png,04:44,284,04:44:10,17050,10,02:33,153,,,True,False,False,False,131,False,False,,02:33,0.32558536529541016,,1,3,5
rege_ood_noisy_blender_000492,noisy,images/sample_00492.png,06:25,385,,,,01:25,264,,,True,False,False,False,121,False,False,,04:24,0.3444397449493408,,1,1,5
rege_ood_noisy_blender_000493,noisy,images/sample_00493.png,12:49,49,12:49:35,2975,35,03:25,205,,,True,False,False,False,156,False,False,,03:25,0.3394935131072998,,1,2,5
rege_ood_noisy_blender_000494,noisy,images/sample_00494.png,10:26,626,10:26:08,37568,8,11:27,687,,,True,False,False,False,61,False,False,,11:27,0.3277568817138672,,1,4,5
rege_ood_noisy_blender_000495,noisy,images/sample_00495.png,05:28,328,05:28:22,19702,22,03:25,205,,,True,False,False,False,123,False,False,,04:05,0.3452277183532715,,1,2,5
rege_ood_noisy_blender_000496,noisy,images/sample_00496.png,08:43,523,08:43:09,31389,9,09:47,587,,,True,False,False,False,64,False,False,,09:47,0.33003711700439453,,1,3,5
rege_ood_noisy_blender_000497,noisy,images/sample_00497.png,10:50,650,,,,10:50,650,,,True,True,True,True,0,True,True,,10:49,0.3388326168060303,,1,3,5
rege_ood_noisy_blender_000498,noisy,images/sample_00498.png,03:34,214,,,,03:34,214,,,True,True,True,True,0,True,True,,03:34,0.32854676246643066,,1,4,5
rege_ood_noisy_blender_000499,noisy,images/sample_00499.png,12:28,28,12:28:51,1731,51,01:20,80,,,True,False,False,False,52,False,False,,01:20,0.3305470943450928,,1,3,5
