id,split,image,gt_time_hhmm,gt_time_minutes,gt_time_hhmmss,gt_time_seconds_total,gt_seconds,pred_time_hhmm,pred_time_minutes,pred_time_hhmmss,pred_time_seconds_total,parsed_ok,is_exact,tol_1,tol_5,abs_err_minutes,hour_correct,minute_correct,second_correct,raw_output,latency_sec,error
rege_ood_noisy_blender_000000,noisy,images/sample_00000.png,12:18,18,,,,01:24,84,01:24:25,5065,True,False,False,False,66,False,False,,01:24:25,0.24410009384155273,
rege_ood_noisy_blender_000001,noisy,images/sample_00001.png,07:25,445,,,,,,,,False,False,False,False,,,,,17:42:28,0.1620488166809082,
rege_ood_noisy_blender_000002,noisy,images/sample_00002.png,06:44,404,06:44:40,24280,40,07:46,466,07:46:00,27960,True,False,False,False,62,False,False,False,07:46:00,0.15949583053588867,
rege_ood_noisy_blender_000003,noisy,images/sample_00003.png,12:40,40,,,,01:40,100,01:40:00,6000,True,False,False,False,60,False,True,,01:40:00,0.15686440467834473,
rege_ood_noisy_blender_000004,noisy,images/sample_00004.png,12:19,19,,,,10:13,613,10:13:00,36780,True,False,False,False,126,False,False,,10:13:00,0.17238450050354004,
rege_ood_noisy_blender_000005,noisy,images/sample_00005.png,03:28,208,03:28:55,12535,55,,,,,False,False,False,False,,,,,15:30:57,0.19529485702514648,
rege_ood_noisy_blender_000006,noisy,images/sample_00006.png,06:48,408,,,,07:55,475,07:55:57,28557,True,False,False,False,67,False,False,,07:55:57,0.17865252494812012,
rege_ood_noisy_blender_000007,noisy,images/sample_00007.png,11:28,688,11:28:18,41298,18,11:27,687,11:27:16,41236,True,False,True,True,1,True,False,False,11:27:16,0.17227792739868164,
rege_ood_noisy_blender_000008,noisy,images/sample_00008.png,07:55,475,07:55:17,28517,17,09:25,565,09:25:26,33926,True,False,False,False,90,False,False,False,09:25:26,0.1643834114074707,
rege_ood_noisy_blender_000009,noisy,images/sample_00009.png,06:40,400,,,,07:39,459,07:39:40,27580,True,False,False,False,59,False,False,,07:39:40,0.17194843292236328,
rege_ood_noisy_blender_000010,noisy,images/sample_00010.png,04:42,282,04:42:22,16942,22,,,,,False,False,False,False,,,,,17:47:28,0.1755964756011963,
rege_ood_noisy_blender_000011,noisy,images/sample_00011.png,12:00,0,12:00:02,2,2,05:07,307,,,True,False,False,False,307,False,False,,13:05:07,0.1786515712738037,
rege_ood_noisy_blender_000012,noisy,images/sample_00012.png,06:17,377,06:17:38,22658,38,,,,,False,False,False,False,,,,,17:14:32,0.1723783016204834,
rege_ood_noisy_blender_000013,noisy,images/sample_00013.png,12:44,44,12:44:54,2694,54,10:05,605,10:05:53,36353,True,False,False,False,159,False,False,False,10:05:53,0.18003058433532715,
rege_ood_noisy_blender_000014,noisy,images/sample_00014.png,12:22,22,12:22:54,1374,54,10:12,612,10:12:43,36763,True,False,False,False,130,False,False,False,10:12:43,0.172926664352417,
rege_ood_noisy_blender_000015,noisy,images/sample_00015.png,11:37,697,,,,09:30,570,09:30:00,34200,True,False,False,False,127,False,False,,09:30:00,0.17038583755493164,
rege_ood_noisy_blender_000016,noisy,images/sample_00016.png,09:08,548,09:08:52,32932,52,10:12,612,10:12:55,36775,True,False,False,False,64,False,False,False,10:12:55,0.17649483680725098,
rege_ood_noisy_blender_000017,noisy,images/sample_00017.png,09:55,595,09:55:31,35731,31,11:02,662,11:02:38,39758,True,False,False,False,67,False,False,False,11:02:38,0.17075681686401367,
rege_ood_noisy_blender_000018,noisy,images/sample_00018.png,11:57,717,,,,10:05,605,10:05:00,36300,True,False,False,False,112,False,False,,10:05:00,0.17264246940612793,
rege_ood_noisy_blender_000019,noisy,images/sample_00019.png,07:07,427,07:07:11,25631,11,11:59,719,11:59:03,43143,True,False,False,False,292,False,False,False,11:59:03,0.17236590385437012,
rege_ood_noisy_blender_000020,noisy,images/sample_00020.png,06:37,397,06:37:16,23836,16,,,,,False,False,False,False,,,,,17:26:05,0.17317652702331543,
rege_ood_noisy_blender_000021,noisy,images/sample_00021.png,03:16,196,,,,,,,,False,False,False,False,,,,,17:24:00,0.17519187927246094,
rege_ood_noisy_blender_000022,noisy,images/sample_00022.png,06:51,411,06:51:07,24667,7,,,,,False,False,False,False,,,,,17:45:00,0.17395377159118652,
rege_ood_noisy_blender_000023,noisy,images/sample_00023.png,02:24,144,,,,,,,,False,False,False,False,,,,,18:30:00,0.1706104278564453,
rege_ood_noisy_blender_000024,noisy,images/sample_00024.png,05:08,308,05:08:47,18527,47,,,,,False,False,False,False,,,,,18:13:52,0.17532825469970703,
rege_ood_noisy_blender_000025,noisy,images/sample_00025.png,07:31,451,07:31:21,27081,21,,,,,False,False,False,False,,,,,17:22:13,0.171828031539917,
rege_ood_noisy_blender_000026,noisy,images/sample_00026.png,09:27,567,09:27:21,34041,21,07:23,443,07:23:23,26603,True,False,False,False,124,False,False,False,07:23:23,0.17203736305236816,
rege_ood_noisy_blender_000027,noisy,images/sample_00027.png,06:32,392,,,,10:25,625,10:25:00,37500,True,False,False,False,233,False,False,,10:25:00,0.1718602180480957,
rege_ood_noisy_blender_000028,noisy,images/sample_00028.png,04:23,263,04:23:46,15826,46,02:43,163,02:43:37,9817,True,False,False,False,100,False,False,False,02:43:37,0.172210693359375,
rege_ood_noisy_blender_000029,noisy,images/sample_00029.png,10:48,648,,,,12:55,55,12:55:00,3300,True,False,False,False,127,False,False,,12:55:00,0.17874836921691895,
rege_ood_noisy_blender_000030,noisy,images/sample_00030.png,11:54,714,,,,09:53,593,09:53:00,35580,True,False,False,False,121,False,False,,09:53:00,0.17244672775268555,
rege_ood_noisy_blender_000031,noisy,images/sample_00031.png,03:43,223,,,,04:49,289,04:49:50,17390,True,False,False,False,66,False,False,,04:49:50,0.1755974292755127,
rege_ood_noisy_blender_000032,noisy,images/sample_00032.png,11:57,717,,,,10:50,650,10:50:00,39000,True,False,False,False,67,False,False,,10:50:00,0.1768496036529541,
rege_ood_noisy_blender_000033,noisy,images/sample_00033.png,01:03,63,01:03:56,3836,56,12:05,5,12:05:54,354,True,False,False,False,58,False,False,False,12:05:54,0.17313385009765625,
rege_ood_noisy_blender_000034,noisy,images/sample_00034.png,12:41,41,,,,10:25,625,10:25:00,37500,True,False,False,False,136,False,False,,10:25:00,0.1723954677581787,
rege_ood_noisy_blender_000035,noisy,images/sample_00035.png,11:16,676,11:16:58,40618,58,,,,,False,False,False,False,,,,,16:15:04,0.1705007553100586,
rege_ood_noisy_blender_000036,noisy,images/sample_00036.png,12:51,51,12:51:32,3092,32,10:42,642,10:42:23,38543,True,False,False,False,129,False,False,False,10:42:23,0.1700732707977295,
rege_ood_noisy_blender_000037,noisy,images/sample_00037.png,08:58,538,08:58:25,32305,25,07:48,468,07:48:15,28095,True,False,False,False,70,False,False,False,07:48:15,0.1732172966003418,
rege_ood_noisy_blender_000038,noisy,images/sample_00038.png,12:15,15,12:15:06,906,6,01:53,113,01:53:56,6836,True,False,False,False,98,False,False,False,01:53:56,0.17020797729492188,
rege_ood_noisy_blender_000039,noisy,images/sample_00039.png,01:29,89,,,,12:20,20,12:20:00,1200,True,False,False,False,69,False,False,,12:20:00,0.17147612571716309,
rege_ood_noisy_blender_000040,noisy,images/sample_00040.png,07:38,458,,,,08:47,527,08:47:00,31620,True,False,False,False,69,False,False,,08:47:00,0.17107725143432617,
rege_ood_noisy_blender_000041,noisy,images/sample_00041.png,07:11,431,,,,08:17,497,08:17:00,29820,True,False,False,False,66,False,False,,08:17:00,0.1700127124786377,
rege_ood_noisy_blender_000042,noisy,images/sample_00042.png,07:26,446,07:26:59,26819,59,07:42,462,07:42:10,27730,True,False,False,False,16,True,False,False,07:42:10,0.16136455535888672,
rege_ood_noisy_blender_000043,noisy,images/sample_00043.png,01:53,113,,,,03:57,237,03:57:00,14220,True,False,False,False,124,False,False,,03:57:00,0.17088007926940918,
rege_ood_noisy_blender_000044,noisy,images/sample_00044.png,11:55,715,,,,11:52,712,11:52:00,42720,True,False,False,True,3,True,False,,11:52:00,0.17333984375,
rege_ood_noisy_blender_000045,noisy,images/sample_00045.png,08:52,532,08:52:04,31924,4,07:42,462,07:42:54,27774,True,False,False,False,70,False,False,False,07:42:54,0.16698551177978516,
rege_ood_noisy_blender_000046,noisy,images/sample_00046.png,03:47,227,,,,11:57,717,11:57:00,43020,True,False,False,False,230,False,False,,11:57:00,0.1744976043701172,
rege_ood_noisy_blender_000047,noisy,images/sample_00047.png,08:54,534,08:54:39,32079,39,07:50,470,07:50:35,28235,True,False,False,False,64,False,False,False,07:50:35,0.17247581481933594,
rege_ood_noisy_blender_000048,noisy,images/sample_00048.png,11:20,680,11:20:01,40801,1,10:14,614,10:14:59,36899,True,False,False,False,66,False,False,False,10:14:59,0.1735682487487793,
rege_ood_noisy_blender_000049,noisy,images/sample_00049.png,07:58,478,,,,10:07,607,10:07:00,36420,True,False,False,False,129,False,False,,10:07:00,0.1704878807067871,
rege_ood_noisy_blender_000050,noisy,images/sample_00050.png,02:11,131,02:11:39,7899,39,02:43,163,02:43:00,9780,True,False,False,False,32,True,False,False,02:43:00,0.1713261604309082,
rege_ood_noisy_blender_000051,noisy,images/sample_00051.png,12:43,43,12:43:14,2594,14,07:33,453,07:33:04,27184,True,False,False,False,310,False,False,False,07:33:04,0.1727433204650879,
rege_ood_noisy_blender_000052,noisy,images/sample_00052.png,06:22,382,,,,07:33,453,07:33:00,27180,True,False,False,False,71,False,False,,07:33:00,0.170943021774292,
rege_ood_noisy_blender_000053,noisy,images/sample_00053.png,11:56,716,11:56:51,43011,51,10:44,644,10:44:45,38685,True,False,False,False,72,False,False,False,10:44:45,0.1714766025543213,
rege_ood_noisy_blender_000054,noisy,images/sample_00054.png,10:58,658,,,,12:00,0,12:00:00,0,True,False,False,False,62,False,False,,12:00:00,0.17168688774108887,
rege_ood_noisy_blender_000055,noisy,images/sample_00055.png,12:27,27,12:27:29,1649,29,07:37,457,07:37:38,27458,True,False,False,False,290,False,False,False,07:37:38,0.17022466659545898,
rege_ood_noisy_blender_000056,noisy,images/sample_00056.png,01:39,99,01:39:01,5941,1,10:12,612,10:12:14,36734,True,False,False,False,207,False,False,False,10:12:14,0.17213726043701172,
rege_ood_noisy_blender_000057,noisy,images/sample_00057.png,07:55,475,,,,09:45,585,09:45:00,35100,True,False,False,False,110,False,False,,09:45:00,0.17081093788146973,
rege_ood_noisy_blender_000058,noisy,images/sample_00058.png,05:28,328,05:28:48,19728,48,,,,,False,False,False,False,,,,,17:47:29,0.17919921875,
rege_ood_noisy_blender_000059,noisy,images/sample_00059.png,04:04,244,,,,,,,,False,False,False,False,,,,,17:13:00,0.1745295524597168,
rege_ood_noisy_blender_000060,noisy,images/sample_00060.png,04:09,249,,,,04:07,247,04:07:00,14820,True,False,False,True,2,True,False,,04:07:00,0.17989182472229004,
rege_ood_noisy_blender_000061,noisy,images/sample_00061.png,11:49,709,,,,10:46,646,10:46:00,38760,True,False,False,False,63,False,False,,10:46:00,0.177598237991333,
rege_ood_noisy_blender_000062,noisy,images/sample_00062.png,08:08,488,08:08:26,29306,26,08:11,491,08:11:30,29490,True,False,False,True,3,True,False,False,08:11:30,0.17892670631408691,
rege_ood_noisy_blender_000063,noisy,images/sample_00063.png,03:09,189,03:09:31,11371,31,03:09,189,03:09:32,11372,True,True,True,True,0,True,True,False,03:09:32,0.17604351043701172,
rege_ood_noisy_blender_000064,noisy,images/sample_00064.png,10:47,647,,,,10:47,647,10:47:00,38820,True,True,True,True,0,True,True,,10:47:00,0.1788771152496338,
rege_ood_noisy_blender_000065,noisy,images/sample_00065.png,12:18,18,12:18:42,1122,42,,,,,False,False,False,False,,,,,13:22:45,0.17589235305786133,
rege_ood_noisy_blender_000066,noisy,images/sample_00066.png,05:15,315,05:15:43,18943,43,04:45,285,04:45:00,17100,True,False,False,False,30,False,False,False,04:45:00,0.17488360404968262,
rege_ood_noisy_blender_000067,noisy,images/sample_00067.png,08:44,524,,,,10:53,653,10:53:00,39180,True,False,False,False,129,False,False,,10:53:00,0.17334651947021484,
rege_ood_noisy_blender_000068,noisy,images/sample_00068.png,12:51,51,12:51:50,3110,50,10:52,652,10:52:51,39171,True,False,False,False,119,False,False,False,10:52:51,0.17794442176818848,
rege_ood_noisy_blender_000069,noisy,images/sample_00069.png,10:48,648,,,,12:00,0,12:00:00,0,True,False,False,False,72,False,False,,12:00:00,0.17400145530700684,
rege_ood_noisy_blender_000070,noisy,images/sample_00070.png,10:00,600,,,,09:00,540,09:00:00,32400,True,False,False,False,60,False,True,,09:00:00,0.17762136459350586,
rege_ood_noisy_blender_000071,noisy,images/sample_00071.png,05:46,346,,,,07:54,474,07:54:55,28495,True,False,False,False,128,False,False,,07:54:55,0.17507481575012207,
rege_ood_noisy_blender_000072,noisy,images/sample_00072.png,02:12,132,02:12:03,7923,3,12:02,2,12:02:52,172,True,False,False,False,130,False,False,False,12:02:52,0.17637920379638672,
rege_ood_noisy_blender_000073,noisy,images/sample_00073.png,10:57,657,10:57:32,39452,32,12:05,5,12:05:40,340,True,False,False,False,68,False,False,False,12:05:40,0.1716172695159912,
rege_ood_noisy_blender_000074,noisy,images/sample_00074.png,10:07,607,,,,07:55,475,07:55:55,28555,True,False,False,False,132,False,False,,07:55:55,0.17003464698791504,
rege_ood_noisy_blender_000075,noisy,images/sample_00075.png,07:02,422,,,,10:15,615,10:15:00,36900,True,False,False,False,193,False,False,,10:15:00,0.17451214790344238,
rege_ood_noisy_blender_000076,noisy,images/sample_00076.png,08:16,496,08:16:34,29794,34,04:42,282,04:42:43,16963,True,False,False,False,214,False,False,False,04:42:43,0.17320990562438965,
rege_ood_noisy_blender_000077,noisy,images/sample_00077.png,03:25,205,03:25:30,12330,30,,,,,False,False,False,False,,,,,17:41:00,0.16997742652893066,
rege_ood_noisy_blender_000078,noisy,images/sample_00078.png,01:08,68,,,,02:12,132,02:12:00,7920,True,False,False,False,64,False,False,,02:12:00,0.1738114356994629,
rege_ood_noisy_blender_000079,noisy,images/sample_00079.png,07:35,455,,,,09:43,583,09:43:00,34980,True,False,False,False,128,False,False,,09:43:00,0.17287993431091309,
rege_ood_noisy_blender_000080,noisy,images/sample_00080.png,04:14,254,,,,,,,,False,False,False,False,,,,,17:26:00,0.17301249504089355,
rege_ood_noisy_blender_000081,noisy,images/sample_00081.png,02:41,161,,,,10:38,638,10:38:07,38287,True,False,False,False,243,False,False,,10:38:07,0.17209601402282715,
rege_ood_noisy_blender_000082,noisy,images/sample_00082.png,03:33,213,,,,07:26,446,07:26:00,26760,True,False,False,False,233,False,False,,07:26:00,0.1732327938079834,
rege_ood_noisy_blender_000083,noisy,images/sample_00083.png,10:38,638,,,,12:43,43,12:43:00,2580,True,False,False,False,125,False,False,,12:43:00,0.1748809814453125,
rege_ood_noisy_blender_000084,noisy,images/sample_00084.png,04:14,254,04:14:59,15299,59,07:15,435,07:15:08,26108,True,False,False,False,181,False,False,False,07:15:08,0.17348098754882812,
rege_ood_noisy_blender_000085,noisy,images/sample_00085.png,04:07,247,,,,02:05,125,02:05:00,7500,True,False,False,False,122,False,False,,02:05:00,0.17157363891601562,
rege_ood_noisy_blender_000086,noisy,images/sample_00086.png,04:26,266,04:26:35,15995,35,,,,,False,False,False,False,,,,,15:30:30,0.1719493865966797,
rege_ood_noisy_blender_000087,noisy,images/sample_00087.png,11:24,684,,,,01:32,92,01:32:30,5550,True,False,False,False,128,False,False,,01:32:30,0.171736478805542,
rege_ood_noisy_blender_000088,noisy,images/sample_00088.png,05:38,338,,,,,,,,False,False,False,False,,,,,15:30:00,0.17115211486816406,
rege_ood_noisy_blender_000089,noisy,images/sample_00089.png,10:29,629,,,,09:25,565,09:25:00,33900,True,False,False,False,64,False,False,,09:25:00,0.17071795463562012,
rege_ood_noisy_blender_000090,noisy,images/sample_00090.png,03:23,203,,,,05:36,336,05:36:00,20160,True,False,False,False,133,False,False,,05:36:00,0.1710052490234375,
rege_ood_noisy_blender_000091,noisy,images/sample_00091.png,11:58,718,11:58:19,43099,19,11:15,675,11:15:00,40500,True,False,False,False,43,True,False,False,11:15:00,0.17120885848999023,
rege_ood_noisy_blender_000092,noisy,images/sample_00092.png,08:58,538,,,,09:00,540,09:00:00,32400,True,False,False,True,2,False,False,,09:00:00,0.17475032806396484,
rege_ood_noisy_blender_000093,noisy,images/sample_00093.png,09:04,544,09:04:01,32641,1,09:13,553,09:13:14,33194,True,False,False,False,9,True,False,False,09:13:14,0.17176294326782227,
rege_ood_noisy_blender_000094,noisy,images/sample_00094.png,02:50,170,,,,02:45,165,02:45:00,9900,True,False,False,True,5,True,False,,02:45:00,0.18715405464172363,
rege_ood_noisy_blender_000095,noisy,images/sample_00095.png,06:04,364,06:04:01,21841,1,10:53,653,10:53:49,39229,True,False,False,False,289,False,False,False,10:53:49,0.1743166446685791,
rege_ood_noisy_blender_000096,noisy,images/sample_00096.png,11:34,694,11:34:13,41653,13,10:32,632,10:32:10,37930,True,False,False,False,62,False,False,False,10:32:10,0.24062418937683105,
rege_ood_noisy_blender_000097,noisy,images/sample_00097.png,07:49,469,07:49:02,28142,2,08:42,522,08:42:51,31371,True,False,False,False,53,False,False,False,08:42:51,0.17289066314697266,
rege_ood_noisy_blender_000098,noisy,images/sample_00098.png,05:49,349,,,,,,,,False,False,False,False,,,,,17:50:00,0.17394781112670898,
rege_ood_noisy_blender_000099,noisy,images/sample_00099.png,12:59,59,12:59:38,3578,38,12:53,53,12:53:33,3213,True,False,False,False,6,True,False,False,12:53:33,0.17153453826904297,
rege_ood_noisy_blender_000100,noisy,images/sample_00100.png,03:51,231,03:51:55,13915,55,03:50,230,03:50:53,13853,True,False,True,True,1,True,False,False,03:50:53,0.19350862503051758,
rege_ood_noisy_blender_000101,noisy,images/sample_00101.png,09:20,560,,,,10:25,625,10:25:00,37500,True,False,False,False,65,False,False,,10:25:00,0.1804046630859375,
rege_ood_noisy_blender_000102,noisy,images/sample_00102.png,03:07,187,03:07:20,11240,20,,,,,False,False,False,False,,,,,14:22:22,0.16452741622924805,
rege_ood_noisy_blender_000103,noisy,images/sample_00103.png,10:19,619,,,,10:16,616,10:16:00,36960,True,False,False,True,3,True,False,,10:16:00,0.17123174667358398,
rege_ood_noisy_blender_000104,noisy,images/sample_00104.png,02:29,149,02:29:00,8940,0,04:40,280,04:40:11,16811,True,False,False,False,131,False,False,False,04:40:11,0.1748659610748291,
rege_ood_noisy_blender_000105,noisy,images/sample_00105.png,08:55,535,,,,08:52,532,08:52:00,31920,True,False,False,True,3,True,False,,08:52:00,0.17566967010498047,
rege_ood_noisy_blender_000106,noisy,images/sample_00106.png,10:47,647,10:47:54,38874,54,,,,,False,False,False,False,,,,,00:00:07,0.17918944358825684,
rege_ood_noisy_blender_000107,noisy,images/sample_00107.png,08:54,534,,,,04:45,285,04:45:00,17100,True,False,False,False,249,False,False,,04:45:00,0.17570734024047852,
rege_ood_noisy_blender_000108,noisy,images/sample_00108.png,07:00,420,,,,10:53,653,10:53:00,39180,True,False,False,False,233,False,False,,10:53:00,0.16684389114379883,
rege_ood_noisy_blender_000109,noisy,images/sample_00109.png,08:49,529,,,,08:52,532,08:52:50,31970,True,False,False,True,3,True,False,,08:52:50,0.17226481437683105,
rege_ood_noisy_blender_000110,noisy,images/sample_00110.png,10:45,645,,,,09:38,578,09:38:00,34680,True,False,False,False,67,False,False,,09:38:00,0.17411184310913086,
rege_ood_noisy_blender_000111,noisy,images/sample_00111.png,11:07,667,,,,09:56,596,09:56:57,35817,True,False,False,False,71,False,False,,09:56:57,0.17710638046264648,
rege_ood_noisy_blender_000112,noisy,images/sample_00112.png,11:27,687,,,,11:28,688,11:28:00,41280,True,False,True,True,1,True,False,,11:28:00,0.17170357704162598,
rege_ood_noisy_blender_000113,noisy,images/sample_00113.png,01:59,119,,,,02:05,125,02:05:00,7500,True,False,False,False,6,False,False,,02:05:00,0.17264628410339355,
rege_ood_noisy_blender_000114,noisy,images/sample_00114.png,02:28,148,,,,02:27,147,02:27:00,8820,True,False,True,True,1,True,False,,02:27:00,0.16887259483337402,
rege_ood_noisy_blender_000115,noisy,images/sample_00115.png,06:59,419,06:59:39,25179,39,06:53,413,06:53:34,24814,True,False,False,False,6,True,False,False,06:53:34,0.1718461513519287,
rege_ood_noisy_blender_000116,noisy,images/sample_00116.png,02:43,163,,,,02:40,160,02:40:00,9600,True,False,False,True,3,True,False,,02:40:00,0.17363929748535156,
rege_ood_noisy_blender_000117,noisy,images/sample_00117.png,04:23,263,,,,12:00,0,,,True,False,False,False,263,False,False,,14:12:00,0.17229700088500977,
rege_ood_noisy_blender_000118,noisy,images/sample_00118.png,12:13,13,12:13:44,824,44,12:12,12,12:12:45,765,True,False,True,True,1,True,False,False,12:12:45,0.17242932319641113,
rege_ood_noisy_blender_000119,noisy,images/sample_00119.png,08:21,501,,,,06:09,369,06:09:00,22140,True,False,False,False,132,False,False,,06:09:00,0.17376446723937988,
rege_ood_noisy_blender_000120,noisy,images/sample_00120.png,06:25,385,06:25:17,23117,17,08:37,517,08:37:26,31046,True,False,False,False,132,False,False,False,08:37:26,0.1723933219909668,
rege_ood_noisy_blender_000121,noisy,images/sample_00121.png,02:46,166,,,,03:48,228,03:48:00,13680,True,False,False,False,62,False,False,,03:48:00,0.17915606498718262,
rege_ood_noisy_blender_000122,noisy,images/sample_00122.png,09:45,585,09:45:34,35134,34,10:55,655,10:55:45,39345,True,False,False,False,70,False,False,False,10:55:45,0.17376160621643066,
rege_ood_noisy_blender_000123,noisy,images/sample_00123.png,10:22,622,10:22:34,37354,34,09:16,556,09:16:27,33387,True,False,False,False,66,False,False,False,09:16:27,0.17064929008483887,
rege_ood_noisy_blender_000124,noisy,images/sample_00124.png,03:23,203,,,,08:17,497,08:17:00,29820,True,False,False,False,294,False,False,,08:17:00,0.17104482650756836,
rege_ood_noisy_blender_000125,noisy,images/sample_00125.png,11:42,702,11:42:34,42154,34,10:25,625,10:25:00,37500,True,False,False,False,77,False,False,False,10:25:00,0.17035222053527832,
rege_ood_noisy_blender_000126,noisy,images/sample_00126.png,08:53,533,08:53:19,31999,19,10:05,605,10:05:30,36330,True,False,False,False,72,False,False,False,10:05:30,0.17362236976623535,
rege_ood_noisy_blender_000127,noisy,images/sample_00127.png,06:18,378,06:18:25,22705,25,,,,,False,False,False,False,,,,,17:15:22,0.1742846965789795,
rege_ood_noisy_blender_000128,noisy,images/sample_00128.png,12:04,4,12:04:22,262,22,02:15,135,02:15:30,8130,True,False,False,False,131,False,False,False,02:15:30,0.17362356185913086,
rege_ood_noisy_blender_000129,noisy,images/sample_00129.png,12:48,48,12:48:01,2881,1,10:05,605,10:05:00,36300,True,False,False,False,163,False,False,False,10:05:00,0.17707490921020508,
rege_ood_noisy_blender_000130,noisy,images/sample_00130.png,11:48,708,11:48:53,42533,53,08:43,523,08:43:48,31428,True,False,False,False,185,False,False,False,08:43:48,0.17440342903137207,
rege_ood_noisy_blender_000131,noisy,images/sample_00131.png,10:00,600,10:00:12,36012,12,10:00,600,10:00:12,36012,True,True,True,True,0,True,True,True,10:00:12,0.1755819320678711,
rege_ood_noisy_blender_000132,noisy,images/sample_00132.png,05:08,308,05:08:04,18484,4,03:01,181,03:01:00,10860,True,False,False,False,127,False,False,False,03:01:00,0.17567706108093262,
rege_ood_noisy_blender_000133,noisy,images/sample_00133.png,11:16,676,,,,09:05,545,09:05:00,32700,True,False,False,False,131,False,False,,09:05:00,0.1746821403503418,
rege_ood_noisy_blender_000134,noisy,images/sample_00134.png,06:23,383,,,,08:15,495,08:15:00,29700,True,False,False,False,112,False,False,,08:15:00,0.17197561264038086,
rege_ood_noisy_blender_000135,noisy,images/sample_00135.png,01:21,81,,,,11:14,674,11:14:00,40440,True,False,False,False,127,False,False,,11:14:00,0.17285919189453125,
rege_ood_noisy_blender_000136,noisy,images/sample_00136.png,09:09,549,,,,02:05,125,02:05:00,7500,True,False,False,False,296,False,False,,02:05:00,0.1714620590209961,
rege_ood_noisy_blender_000137,noisy,images/sample_00137.png,07:58,478,07:58:11,28691,11,,,,,False,False,False,False,,,,,16:45:54,0.17191243171691895,
rege_ood_noisy_blender_000138,noisy,images/sample_00138.png,08:28,508,,,,12:13,13,12:13:00,780,True,False,False,False,225,False,False,,12:13:00,0.17282891273498535,
rege_ood_noisy_blender_000139,noisy,images/sample_00139.png,06:25,385,,,,,,,,False,False,False,False,,,,,18:26:00,0.16129469871520996,
rege_ood_noisy_blender_000140,noisy,images/sample_00140.png,11:04,664,,,,10:00,600,10:00:00,36000,True,False,False,False,64,False,False,,10:00:00,0.16917729377746582,
rege_ood_noisy_blender_000141,noisy,images/sample_00141.png,11:32,692,11:32:46,41566,46,,,,,False,False,False,False,,,,,18:32:47,0.17645859718322754,
rege_ood_noisy_blender_000142,noisy,images/sample_00142.png,02:30,150,02:30:17,9017,17,04:26,266,04:26:38,15998,True,False,False,False,116,False,False,False,04:26:38,0.17382287979125977,
rege_ood_noisy_blender_000143,noisy,images/sample_00143.png,07:06,426,,,,09:15,555,09:15:00,33300,True,False,False,False,129,False,False,,09:15:00,0.17484498023986816,
rege_ood_noisy_blender_000144,noisy,images/sample_00144.png,01:31,91,,,,,,,,False,False,False,False,,,,,00:00:00,0.1698451042175293,
rege_ood_noisy_blender_000145,noisy,images/sample_00145.png,01:08,68,01:08:50,4130,50,01:09,69,01:09:51,4191,True,False,True,True,1,True,False,False,01:09:51,0.17330121994018555,
rege_ood_noisy_blender_000146,noisy,images/sample_00146.png,05:17,317,05:17:48,19068,48,06:25,385,06:25:56,23156,True,False,False,False,68,False,False,False,06:25:56,0.18741655349731445,
rege_ood_noisy_blender_000147,noisy,images/sample_00147.png,10:15,615,10:15:18,36918,18,02:10,130,02:10:10,7810,True,False,False,False,235,False,False,False,02:10:10,0.17412066459655762,
rege_ood_noisy_blender_000148,noisy,images/sample_00148.png,02:53,173,02:53:44,10424,44,10:45,645,10:45:00,38700,True,False,False,False,248,False,False,False,10:45:00,0.17101383209228516,
rege_ood_noisy_blender_000149,noisy,images/sample_00149.png,02:20,140,02:20:45,8445,45,,,,,False,False,False,False,,,,,17:30:55,0.17178559303283691,
rege_ood_noisy_blender_000150,noisy,images/sample_00150.png,07:57,477,,,,09:04,544,09:04:03,32643,True,False,False,False,67,False,False,,09:04:03,0.17049050331115723,
rege_ood_noisy_blender_000151,noisy,images/sample_00151.png,10:00,600,10:00:02,36002,2,10:50,650,10:50:00,39000,True,False,False,False,50,True,False,False,10:50:00,0.17057108879089355,
rege_ood_noisy_blender_000152,noisy,images/sample_00152.png,12:33,33,12:33:41,2021,41,07:38,458,07:38:46,27526,True,False,False,False,295,False,False,False,07:38:46,0.17464423179626465,
rege_ood_noisy_blender_000153,noisy,images/sample_00153.png,01:42,102,01:42:32,6152,32,12:37,37,12:37:22,2242,True,False,False,False,65,False,False,False,12:37:22,0.1708211898803711,
rege_ood_noisy_blender_000154,noisy,images/sample_00154.png,02:57,177,,,,12:18,18,12:18:00,1080,True,False,False,False,159,False,False,,12:18:00,0.1706981658935547,
rege_ood_noisy_blender_000155,noisy,images/sample_00155.png,02:33,153,,,,06:30,390,06:30:00,23400,True,False,False,False,237,False,False,,06:30:00,0.15947794914245605,
rege_ood_noisy_blender_000156,noisy,images/sample_00156.png,09:14,554,,,,10:17,617,10:17:00,37020,True,False,False,False,63,False,False,,10:17:00,0.15790987014770508,
rege_ood_noisy_blender_000157,noisy,images/sample_00157.png,08:33,513,,,,07:27,447,07:27:28,26848,True,False,False,False,66,False,False,,07:27:28,0.1592881679534912,
rege_ood_noisy_blender_000158,noisy,images/sample_00158.png,06:37,397,06:37:45,23865,45,07:45,465,07:45:00,27900,True,False,False,False,68,False,False,False,07:45:00,0.15725088119506836,
rege_ood_noisy_blender_000159,noisy,images/sample_00159.png,05:28,328,05:28:36,19716,36,03:15,195,03:15:20,11720,True,False,False,False,133,False,False,False,03:15:20,0.15890169143676758,
rege_ood_noisy_blender_000160,noisy,images/sample_00160.png,04:45,285,04:45:21,17121,21,,,,,False,False,False,False,,,,,17:50:27,0.16125726699829102,
rege_ood_noisy_blender_000161,noisy,images/sample_00161.png,01:16,76,01:16:38,4598,38,03:20,200,03:20:00,12000,True,False,False,False,124,False,False,False,03:20:00,0.16036176681518555,
rege_ood_noisy_blender_000162,noisy,images/sample_00162.png,06:36,396,06:36:36,23796,36,07:37,457,07:37:00,27420,True,False,False,False,61,False,False,False,07:37:00,0.15817618370056152,
rege_ood_noisy_blender_000163,noisy,images/sample_00163.png,03:24,204,03:24:08,12248,8,02:15,135,02:15:59,8159,True,False,False,False,69,False,False,False,02:15:59,0.1571974754333496,
rege_ood_noisy_blender_000164,noisy,images/sample_00164.png,08:08,488,08:08:03,29283,3,02:07,127,02:07:04,7624,True,False,False,False,359,False,False,False,02:07:04,0.15729165077209473,
rege_ood_noisy_blender_000165,noisy,images/sample_00165.png,03:20,200,03:20:00,12000,0,,,,,False,False,False,False,,,,,17:28:10,0.15730929374694824,
rege_ood_noisy_blender_000166,noisy,images/sample_00166.png,06:53,413,06:53:06,24786,6,,,,,False,False,False,False,,,,,16:42:55,0.1601090431213379,
rege_ood_noisy_blender_000167,noisy,images/sample_00167.png,01:31,91,,,,11:20,680,11:20:00,40800,True,False,False,False,131,False,False,,11:20:00,0.17135357856750488,
rege_ood_noisy_blender_000168,noisy,images/sample_00168.png,09:54,594,,,,11:01,661,11:01:00,39660,True,False,False,False,67,False,False,,11:01:00,0.17092347145080566,
rege_ood_noisy_blender_000169,noisy,images/sample_00169.png,05:20,320,05:20:42,19242,42,,,,,False,False,False,False,,,,,17:17:40,0.1772017478942871,
rege_ood_noisy_blender_000170,noisy,images/sample_00170.png,06:35,395,,,,,,,,False,False,False,False,,,,,17:30:00,0.17348504066467285,
rege_ood_noisy_blender_000171,noisy,images/sample_00171.png,06:14,374,,,,09:24,564,09:24:00,33840,True,False,False,False,190,False,False,,09:24:00,0.17623066902160645,
rege_ood_noisy_blender_000172,noisy,images/sample_00172.png,08:52,532,,,,10:00,600,10:00:48,36048,True,False,False,False,68,False,False,,10:00:48,0.1726667881011963,
rege_ood_noisy_blender_000173,noisy,images/sample_00173.png,01:58,118,01:58:57,7137,57,12:53,53,12:53:50,3230,True,False,False,False,65,False,False,False,12:53:50,0.15653324127197266,
rege_ood_noisy_blender_000174,noisy,images/sample_00174.png,03:56,236,03:56:08,14168,8,12:15,15,12:15:00,900,True,False,False,False,221,False,False,False,12:15:00,0.16392135620117188,
rege_ood_noisy_blender_000175,noisy,images/sample_00175.png,01:07,67,,,,,,,,False,False,False,False,,,,,14:14:00,0.17019963264465332,
rege_ood_noisy_blender_000176,noisy,images/sample_00176.png,08:44,524,,,,10:47,647,10:47:00,38820,True,False,False,False,123,False,False,,10:47:00,0.16858196258544922,
rege_ood_noisy_blender_000177,noisy,images/sample_00177.png,04:35,275,04:35:11,16511,11,,,,,False,False,False,False,,,,,17:38:15,0.1697542667388916,
rege_ood_noisy_blender_000178,noisy,images/sample_00178.png,11:31,691,11:31:29,41489,29,11:30,690,11:30:27,41427,True,False,True,True,1,True,False,False,11:30:27,0.1675117015838623,
rege_ood_noisy_blender_000179,noisy,images/sample_00179.png,11:43,703,,,,,,,,False,False,False,False,,,,,19:25:00,0.16969609260559082,
rege_ood_noisy_blender_000180,noisy,images/sample_00180.png,05:22,322,05:22:35,19355,35,,,,,False,False,False,False,,,,,16:15:30,0.16945171356201172,
rege_ood_noisy_blender_000181,noisy,images/sample_00181.png,11:06,666,,,,12:07,7,12:07:00,420,True,False,False,False,61,False,False,,12:07:00,0.16936397552490234,
rege_ood_noisy_blender_000182,noisy,images/sample_00182.png,06:45,405,,,,08:57,537,08:57:59,32279,True,False,False,False,132,False,False,,08:57:59,0.16983842849731445,
rege_ood_noisy_blender_000183,noisy,images/sample_00183.png,05:51,351,,,,,,,,False,False,False,False,,,,,17:54:00,0.17239665985107422,
rege_ood_noisy_blender_000184,noisy,images/sample_00184.png,10:30,630,10:30:23,37823,23,,,,,False,False,False,False,,,,,17:38:27,0.16668295860290527,
rege_ood_noisy_blender_000185,noisy,images/sample_00185.png,09:44,584,09:44:52,35092,52,10:48,648,10:48:56,38936,True,False,False,False,64,False,False,False,10:48:56,0.16978859901428223,
rege_ood_noisy_blender_000186,noisy,images/sample_00186.png,08:38,518,08:38:19,31099,19,09:41,581,09:41:24,34884,True,False,False,False,63,False,False,False,09:41:24,0.17064356803894043,
rege_ood_noisy_blender_000187,noisy,images/sample_00187.png,06:08,368,06:08:28,22108,28,12:23,23,12:23:20,1400,True,False,False,False,345,False,False,False,12:23:20,0.1712634563446045,
rege_ood_noisy_blender_000188,noisy,images/sample_00188.png,08:02,482,,,,08:03,483,08:03:02,28982,True,False,True,True,1,True,False,,08:03:02,0.17327117919921875,
rege_ood_noisy_blender_000189,noisy,images/sample_00189.png,07:47,467,07:47:01,28021,1,,,,,False,False,False,False,,,,,17:36:50,0.17243432998657227,
rege_ood_noisy_blender_000190,noisy,images/sample_00190.png,12:28,28,,,,10:16,616,10:16:00,36960,True,False,False,False,132,False,False,,10:16:00,0.1696910858154297,
rege_ood_noisy_blender_000191,noisy,images/sample_00191.png,02:04,124,,,,12:05,5,12:05:00,300,True,False,False,False,119,False,False,,12:05:00,0.16836094856262207,
rege_ood_noisy_blender_000192,noisy,images/sample_00192.png,08:45,525,08:45:26,31526,26,07:40,460,07:40:00,27600,True,False,False,False,65,False,False,False,07:40:00,0.16950321197509766,
rege_ood_noisy_blender_000193,noisy,images/sample_00193.png,03:50,230,,,,,,,,False,False,False,False,,,,,17:28:59,0.1692805290222168,
rege_ood_noisy_blender_000194,noisy,images/sample_00194.png,12:29,29,,,,10:22,622,10:22:00,37320,True,False,False,False,127,False,False,,10:22:00,0.16805386543273926,
rege_ood_noisy_blender_000195,noisy,images/sample_00195.png,11:17,677,,,,10:15,615,10:15:00,36900,True,False,False,False,62,False,False,,10:15:00,0.17394113540649414,
rege_ood_noisy_blender_000196,noisy,images/sample_00196.png,08:11,491,08:11:11,29471,11,10:07,607,10:07:00,36420,True,False,False,False,116,False,False,False,10:07:00,0.16890382766723633,
rege_ood_noisy_blender_000197,noisy,images/sample_00197.png,09:58,598,09:58:37,35917,37,12:07,7,12:07:46,466,True,False,False,False,129,False,False,False,12:07:46,0.1777629852294922,
rege_ood_noisy_blender_000198,noisy,images/sample_00198.png,01:11,71,01:11:07,4267,7,10:09,609,10:09:06,36546,True,False,False,False,182,False,False,False,10:09:06,0.17683649063110352,
rege_ood_noisy_blender_000199,noisy,images/sample_00199.png,05:00,300,,,,03:49,229,03:49:00,13740,True,False,False,False,71,False,False,,03:49:00,0.1732954978942871,
rege_ood_noisy_blender_000200,noisy,images/sample_00200.png,03:34,214,03:34:27,12867,27,04:37,277,04:37:28,16648,True,False,False,False,63,False,False,False,04:37:28,0.1752157211303711,
rege_ood_noisy_blender_000201,noisy,images/sample_00201.png,08:10,490,08:10:06,29406,6,08:09,489,08:09:07,29347,True,False,True,True,1,True,False,False,08:09:07,0.17989730834960938,
rege_ood_noisy_blender_000202,noisy,images/sample_00202.png,05:27,327,,,,07:35,455,07:35:00,27300,True,False,False,False,128,False,False,,07:35:00,0.17414331436157227,
rege_ood_noisy_blender_000203,noisy,images/sample_00203.png,06:36,396,,,,11:29,689,11:29:30,41370,True,False,False,False,293,False,False,,11:29:30,0.1777045726776123,
rege_ood_noisy_blender_000204,noisy,images/sample_00204.png,07:56,476,,,,09:00,540,09:00:00,32400,True,False,False,False,64,False,False,,09:00:00,0.17742204666137695,
rege_ood_noisy_blender_000205,noisy,images/sample_00205.png,01:11,71,01:11:59,4319,59,01:12,72,01:12:00,4320,True,False,True,True,1,True,False,False,01:12:00,0.1754140853881836,
rege_ood_noisy_blender_000206,noisy,images/sample_00206.png,04:01,241,,,,02:53,173,02:53:00,10380,True,False,False,False,68,False,False,,02:53:00,0.15808367729187012,
rege_ood_noisy_blender_000207,noisy,images/sample_00207.png,06:21,381,,,,08:25,505,08:25:00,30300,True,False,False,False,124,False,False,,08:25:00,0.17575740814208984,
rege_ood_noisy_blender_000208,noisy,images/sample_00208.png,09:27,567,,,,07:18,438,07:18:00,26280,True,False,False,False,129,False,False,,07:18:00,0.1765577793121338,
rege_ood_noisy_blender_000209,noisy,images/sample_00209.png,01:33,93,,,,10:20,620,10:20:00,37200,True,False,False,False,193,False,False,,10:20:00,0.17482614517211914,
rege_ood_noisy_blender_000210,noisy,images/sample_00210.png,09:04,544,09:04:41,32681,41,10:07,607,10:07:44,36464,True,False,False,False,63,False,False,False,10:07:44,0.17768621444702148,
rege_ood_noisy_blender_000211,noisy,images/sample_00211.png,05:10,310,,,,,,,,False,False,False,False,,,,,17:13:00,0.17515993118286133,
rege_ood_noisy_blender_000212,noisy,images/sample_00212.png,03:12,192,,,,,,,,False,False,False,False,,,,,17:20:00,0.1741940975189209,
rege_ood_noisy_blender_000213,noisy,images/sample_00213.png,02:01,121,,,,03:08,188,03:08:00,11280,True,False,False,False,67,False,False,,03:08:00,0.17629051208496094,
rege_ood_noisy_blender_000214,noisy,images/sample_00214.png,12:03,3,12:03:16,196,16,10:09,609,10:09:18,36558,True,False,False,False,114,False,False,False,10:09:18,0.1788959503173828,
rege_ood_noisy_blender_000215,noisy,images/sample_00215.png,09:27,567,,,,,,,,False,False,False,False,,,,,17:45:00,0.1884768009185791,
rege_ood_noisy_blender_000216,noisy,images/sample_00216.png,12:40,40,,,,10:48,648,10:48:00,38880,True,False,False,False,112,False,False,,10:48:00,0.17965936660766602,
rege_ood_noisy_blender_000217,noisy,images/sample_00217.png,09:15,555,,,,,,,,False,False,False,False,,,,,14:15:00,0.1732485294342041,
rege_ood_noisy_blender_000218,noisy,images/sample_00218.png,11:10,670,,,,10:16,616,10:16:00,36960,True,False,False,False,54,False,False,,10:16:00,0.16814112663269043,
rege_ood_noisy_blender_000219,noisy,images/sample_00219.png,11:52,712,,,,10:45,645,10:45:00,38700,True,False,False,False,67,False,False,,10:45:00,0.16695213317871094,
rege_ood_noisy_blender_000220,noisy,images/sample_00220.png,07:19,439,07:19:57,26397,57,,,,,False,False,False,False,,,,,17:28:08,0.1715831756591797,
rege_ood_noisy_blender_000221,noisy,images/sample_00221.png,05:35,335,,,,,,,,False,False,False,False,,,,,15:28:00,0.17160964012145996,
rege_ood_noisy_blender_000222,noisy,images/sample_00222.png,06:29,389,06:29:24,23364,24,,,,,False,False,False,False,,,,,16:20:13,0.16832756996154785,
rege_ood_noisy_blender_000223,noisy,images/sample_00223.png,11:50,710,,,,08:40,520,08:40:00,31200,True,False,False,False,190,False,False,,08:40:00,0.18307185173034668,
rege_ood_noisy_blender_000224,noisy,images/sample_00224.png,06:34,394,,,,04:23,263,04:23:00,15780,True,False,False,False,131,False,False,,04:23:00,0.1741018295288086,
rege_ood_noisy_blender_000225,noisy,images/sample_00225.png,01:39,99,,,,10:25,625,10:25:00,37500,True,False,False,False,194,False,False,,10:25:00,0.17862844467163086,
rege_ood_noisy_blender_000226,noisy,images/sample_00226.png,09:32,572,09:32:17,34337,17,09:30,570,09:30:00,34200,True,False,False,True,2,True,False,False,09:30:00,0.17902350425720215,
rege_ood_noisy_blender_000227,noisy,images/sample_00227.png,09:33,573,09:33:20,34400,20,,,,,False,False,False,False,,,,,00:48:27,0.17673230171203613,
rege_ood_noisy_blender_000228,noisy,images/sample_00228.png,02:06,126,02:06:36,7596,36,02:38,158,02:38:37,9517,True,False,False,False,32,True,False,False,02:38:37,0.1853957176208496,
rege_ood_noisy_blender_000229,noisy,images/sample_00229.png,07:27,447,07:27:08,26828,8,10:20,620,10:20:05,37205,True,False,False,False,173,False,False,False,10:20:05,0.19922327995300293,
rege_ood_noisy_blender_000230,noisy,images/sample_00230.png,01:46,106,01:46:49,6409,49,,,,,False,False,False,False,,,,,15:55:57,0.17865729331970215,
rege_ood_noisy_blender_000231,noisy,images/sample_00231.png,12:40,40,12:40:42,2442,42,01:43,103,01:43:45,6225,True,False,False,False,63,False,False,False,01:43:45,0.19356751441955566,
rege_ood_noisy_blender_000232,noisy,images/sample_00232.png,05:30,330,,,,02:18,138,02:18:00,8280,True,False,False,False,192,False,False,,02:18:00,0.18376493453979492,
rege_ood_noisy_blender_000233,noisy,images/sample_00233.png,03:00,180,03:00:09,10809,9,01:53,113,01:53:03,6783,True,False,False,False,67,False,False,False,01:53:03,0.19150352478027344,
rege_ood_noisy_blender_000234,noisy,images/sample_00234.png,01:16,76,01:16:35,4595,35,,,,,False,False,False,False,,,,,15:27:46,0.19291377067565918,
rege_ood_noisy_blender_000235,noisy,images/sample_00235.png,09:34,574,09:34:04,34444,4,10:42,642,10:42:13,38533,True,False,False,False,68,False,False,False,10:42:13,0.19120025634765625,
rege_ood_noisy_blender_000236,noisy,images/sample_00236.png,01:24,84,,,,02:25,145,02:25:00,8700,True,False,False,False,61,False,False,,02:25:00,0.19133543968200684,
rege_ood_noisy_blender_000237,noisy,images/sample_00237.png,01:06,66,,,,02:00,120,,,True,False,False,False,54,False,False,,00:02:00,0.18756723403930664,
rege_ood_noisy_blender_000238,noisy,images/sample_00238.png,10:11,611,10:11:11,36671,11,10:16,616,10:16:00,36960,True,False,False,True,5,True,False,False,10:16:00,0.18541717529296875,
rege_ood_noisy_blender_000239,noisy,images/sample_00239.png,09:59,599,,,,12:07,7,12:07:00,420,True,False,False,False,128,False,False,,12:07:00,0.18732738494873047,
rege_ood_noisy_blender_000240,noisy,images/sample_00240.png,11:48,708,11:48:59,42539,59,,,,,False,False,False,False,,,,,13:57:05,0.1879894733428955,
rege_ood_noisy_blender_000241,noisy,images/sample_00241.png,09:11,551,09:11:34,33094,34,10:04,604,10:04:27,36267,True,False,False,False,53,False,False,False,10:04:27,0.18767356872558594,
rege_ood_noisy_blender_000242,noisy,images/sample_00242.png,12:59,59,12:59:41,3581,41,01:00,60,01:00:43,3643,True,False,True,True,1,False,False,False,01:00:43,0.19246864318847656,
rege_ood_noisy_blender_000243,noisy,images/sample_00243.png,12:31,31,,,,06:30,390,06:30:00,23400,True,False,False,False,359,False,False,,06:30:00,0.19498300552368164,
rege_ood_noisy_blender_000244,noisy,images/sample_00244.png,05:58,358,,,,03:47,227,03:47:00,13620,True,False,False,False,131,False,False,,03:47:00,0.19694018363952637,
rege_ood_noisy_blender_000245,noisy,images/sample_00245.png,06:43,403,06:43:52,24232,52,04:32,272,04:32:40,16360,True,False,False,False,131,False,False,False,04:32:40,0.17306113243103027,
rege_ood_noisy_blender_000246,noisy,images/sample_00246.png,03:10,190,,,,03:17,197,03:17:00,11820,True,False,False,False,7,True,False,,03:17:00,0.16657328605651855,
rege_ood_noisy_blender_000247,noisy,images/sample_00247.png,06:20,380,06:20:04,22804,4,,,,,False,False,False,False,,,,,17:15:59,0.16910457611083984,
rege_ood_noisy_blender_000248,noisy,images/sample_00248.png,08:50,530,,,,11:01,661,11:01:00,39660,True,False,False,False,131,False,False,,11:01:00,0.18084502220153809,
rege_ood_noisy_blender_000249,noisy,images/sample_00249.png,08:56,536,08:56:20,32180,20,10:20,620,10:20:20,37220,True,False,False,False,84,False,False,True,10:20:20,0.18590426445007324,
rege_ood_noisy_blender_000250,noisy,images/sample_00250.png,06:43,403,,,,,,,,False,False,False,False,,,,,17:35:00,0.17235183715820312,
rege_ood_noisy_blender_000251,noisy,images/sample_00251.png,08:00,480,08:00:27,28827,27,09:00,540,09:00:27,32427,True,False,False,False,60,False,True,True,09:00:27,0.1784512996673584,
rege_ood_noisy_blender_000252,noisy,images/sample_00252.png,12:09,9,,,,01:15,75,01:15:00,4500,True,False,False,False,66,False,False,,01:15:00,0.1783285140991211,
rege_ood_noisy_blender_000253,noisy,images/sample_00253.png,08:25,505,,,,07:20,440,07:20:00,26400,True,False,False,False,65,False,False,,07:20:00,0.18703961372375488,
rege_ood_noisy_blender_000254,noisy,images/sample_00254.png,11:36,696,,,,12:38,38,12:38:00,2280,True,False,False,False,62,False,False,,12:38:00,0.1886763572692871,
rege_ood_noisy_blender_000255,noisy,images/sample_00255.png,01:36,96,01:36:51,5811,51,07:38,458,07:38:53,27533,True,False,False,False,358,False,False,False,07:38:53,0.19070863723754883,
rege_ood_noisy_blender_000256,noisy,images/sample_00256.png,01:19,79,,,,08:08,488,08:08:30,29310,True,False,False,False,311,False,False,,08:08:30,0.18670296669006348,
rege_ood_noisy_blender_000257,noisy,images/sample_00257.png,07:53,473,,,,07:47,467,07:47:00,28020,True,False,False,False,6,True,False,,07:47:00,0.18275761604309082,
rege_ood_noisy_blender_000258,noisy,images/sample_00258.png,10:31,631,,,,09:23,563,09:23:00,33780,True,False,False,False,68,False,False,,09:23:00,0.18690800666809082,
rege_ood_noisy_blender_000259,noisy,images/sample_00259.png,12:01,1,12:01:28,88,28,12:29,29,12:29:30,1770,True,False,False,False,28,True,False,False,12:29:30,0.2016754150390625,
rege_ood_noisy_blender_000260,noisy,images/sample_00260.png,12:09,9,12:09:01,541,1,01:13,73,01:13:00,4380,True,False,False,False,64,False,False,False,01:13:00,0.18591094017028809,
rege_ood_noisy_blender_000261,noisy,images/sample_00261.png,12:57,57,12:57:29,3449,29,02:04,124,02:04:35,7475,True,False,False,False,67,False,False,False,02:04:35,0.18606781959533691,
rege_ood_noisy_blender_000262,noisy,images/sample_00262.png,10:24,624,,,,07:11,431,07:11:00,25860,True,False,False,False,193,False,False,,07:11:00,0.18672871589660645,
rege_ood_noisy_blender_000263,noisy,images/sample_00263.png,01:35,95,,,,03:44,224,03:44:00,13440,True,False,False,False,129,False,False,,03:44:00,0.17698979377746582,
rege_ood_noisy_blender_000264,noisy,images/sample_00264.png,07:36,456,,,,09:45,585,09:45:00,35100,True,False,False,False,129,False,False,,09:45:00,0.17984628677368164,
rege_ood_noisy_blender_000265,noisy,images/sample_00265.png,10:16,616,,,,10:16,616,10:16:00,36960,True,True,True,True,0,True,True,,10:16:00,0.18940401077270508,
rege_ood_noisy_blender_000266,noisy,images/sample_00266.png,12:42,42,,,,11:36,696,11:36:00,41760,True,False,False,False,66,False,False,,11:36:00,0.18809103965759277,
rege_ood_noisy_blender_000267,noisy,images/sample_00267.png,01:19,79,,,,02:26,146,02:26:27,8787,True,False,False,False,67,False,False,,02:26:27,0.19365477561950684,
rege_ood_noisy_blender_000268,noisy,images/sample_00268.png,01:08,68,,,,02:10,130,02:10:00,7800,True,False,False,False,62,False,False,,02:10:00,0.19269490242004395,
rege_ood_noisy_blender_000269,noisy,images/sample_00269.png,08:07,487,,,,08:04,484,08:04:00,29040,True,False,False,True,3,True,False,,08:04:00,0.1927175521850586,
rege_ood_noisy_blender_000270,noisy,images/sample_00270.png,09:02,542,,,,09:00,540,09:00:00,32400,True,False,False,True,2,True,False,,09:00:00,0.1925806999206543,
rege_ood_noisy_blender_000271,noisy,images/sample_00271.png,12:19,19,,,,,,,,False,False,False,False,,,,,14:30:00,0.19031667709350586,
rege_ood_noisy_blender_000272,noisy,images/sample_00272.png,09:24,564,,,,07:15,435,07:15:00,26100,True,False,False,False,129,False,False,,07:15:00,0.18709993362426758,
rege_ood_noisy_blender_000273,noisy,images/sample_00273.png,05:02,302,05:02:29,18149,29,07:39,459,07:39:12,27552,True,False,False,False,157,False,False,False,07:39:12,0.18741250038146973,
rege_ood_noisy_blender_000274,noisy,images/sample_00274.png,11:56,716,11:56:58,43018,58,12:01,1,12:01:00,60,True,False,False,True,5,False,False,False,12:01:00,0.1920766830444336,
rege_ood_noisy_blender_000275,noisy,images/sample_00275.png,08:42,522,,,,09:42,582,09:42:00,34920,True,False,False,False,60,False,True,,09:42:00,0.18497586250305176,
rege_ood_noisy_blender_000276,noisy,images/sample_00276.png,12:50,50,12:50:37,3037,37,10:45,645,10:45:28,38728,True,False,False,False,125,False,False,False,10:45:28,0.1912679672241211,
rege_ood_noisy_blender_000277,noisy,images/sample_00277.png,08:04,484,08:04:09,29049,9,03:15,195,03:15:20,11720,True,False,False,False,289,False,False,False,03:15:20,0.18862557411193848,
rege_ood_noisy_blender_000278,noisy,images/sample_00278.png,01:47,107,01:47:53,6473,53,07:38,458,07:38:42,27522,True,False,False,False,351,False,False,False,07:38:42,0.18366360664367676,
rege_ood_noisy_blender_000279,noisy,images/sample_00279.png,06:50,410,06:50:52,24652,52,09:47,587,09:47:00,35220,True,False,False,False,177,False,False,False,09:47:00,0.1887366771697998,
rege_ood_noisy_blender_000280,noisy,images/sample_00280.png,11:08,668,,,,10:18,618,10:18:00,37080,True,False,False,False,50,False,False,,10:18:00,0.18762493133544922,
rege_ood_noisy_blender_000281,noisy,images/sample_00281.png,09:26,566,09:26:31,33991,31,10:21,621,10:21:38,37298,True,False,False,False,55,False,False,False,10:21:38,0.19080710411071777,
rege_ood_noisy_blender_000282,noisy,images/sample_00282.png,08:38,518,08:38:18,31098,18,07:12,432,07:12:10,25930,True,False,False,False,86,False,False,False,07:12:10,0.1877431869506836,
rege_ood_noisy_blender_000283,noisy,images/sample_00283.png,08:24,504,,,,10:33,633,10:33:00,37980,True,False,False,False,129,False,False,,10:33:00,0.24849343299865723,
rege_ood_noisy_blender_000284,noisy,images/sample_00284.png,08:58,538,08:58:20,32300,20,10:08,608,10:08:30,36510,True,False,False,False,70,False,False,False,10:08:30,0.186875581741333,
rege_ood_noisy_blender_000285,noisy,images/sample_00285.png,06:09,369,,,,07:11,431,07:11:00,25860,True,False,False,False,62,False,False,,07:11:00,0.18663763999938965,
rege_ood_noisy_blender_000286,noisy,images/sample_00286.png,03:59,239,,,,,,,,False,False,False,False,,,,,14:51:00,0.1867833137512207,
rege_ood_noisy_blender_000287,noisy,images/sample_00287.png,11:53,713,,,,10:45,645,10:45:00,38700,True,False,False,False,68,False,False,,10:45:00,0.18715977668762207,
rege_ood_noisy_blender_000288,noisy,images/sample_00288.png,01:36,96,01:36:46,5806,46,03:46,226,03:46:58,13618,True,False,False,False,130,False,False,False,03:46:58,0.18627047538757324,
rege_ood_noisy_blender_000289,noisy,images/sample_00289.png,08:05,485,08:05:44,29144,44,09:12,552,09:12:48,33168,True,False,False,False,67,False,False,False,09:12:48,0.18585705757141113,
rege_ood_noisy_blender_000290,noisy,images/sample_00290.png,11:22,682,11:22:21,40941,21,10:13,613,10:13:00,36780,True,False,False,False,69,False,False,False,10:13:00,0.17798447608947754,
rege_ood_noisy_blender_000291,noisy,images/sample_00291.png,12:30,30,,,,12:29,29,12:29:00,1740,True,False,True,True,1,True,False,,12:29:00,0.1793978214263916,
rege_ood_noisy_blender_000292,noisy,images/sample_00292.png,07:47,467,07:47:57,28077,57,07:41,461,07:41:51,27711,True,False,False,False,6,True,False,False,07:41:51,0.20105957984924316,
rege_ood_noisy_blender_000293,noisy,images/sample_00293.png,09:19,559,09:19:14,33554,14,,,,,False,False,False,False,,,,,16:17:30,0.1922149658203125,
rege_ood_noisy_blender_000294,noisy,images/sample_00294.png,01:54,114,,,,03:00,180,03:00:00,10800,True,False,False,False,66,False,False,,03:00:00,0.18959569931030273,
rege_ood_noisy_blender_000295,noisy,images/sample_00295.png,09:25,565,,,,11:38,698,11:38:00,41880,True,False,False,False,133,False,False,,11:38:00,0.18887972831726074,
rege_ood_noisy_blender_000296,noisy,images/sample_00296.png,05:11,311,05:11:22,18682,22,07:15,435,07:15:00,26100,True,False,False,False,124,False,False,False,07:15:00,0.19202065467834473,
rege_ood_noisy_blender_000297,noisy,images/sample_00297.png,06:52,412,06:52:38,24758,38,07:55,475,07:55:42,28542,True,False,False,False,63,False,False,False,07:55:42,0.17647433280944824,
rege_ood_noisy_blender_000298,noisy,images/sample_00298.png,04:16,256,04:16:02,15362,2,04:14,254,04:14:59,15299,True,False,False,True,2,True,False,False,04:14:59,0.1801464557647705,
rege_ood_noisy_blender_000299,noisy,images/sample_00299.png,10:42,642,,,,10:39,639,10:39:30,38370,True,False,False,True,3,True,False,,10:39:30,0.18999385833740234,
rege_ood_noisy_blender_000300,noisy,images/sample_00300.png,07:51,471,07:51:27,28287,27,07:52,472,07:52:29,28349,True,False,True,True,1,True,False,False,07:52:29,0.18911004066467285,
rege_ood_noisy_blender_000301,noisy,images/sample_00301.png,08:30,510,08:30:54,30654,54,08:47,527,08:47:59,31679,True,False,False,False,17,True,False,False,08:47:59,0.18723368644714355,
rege_ood_noisy_blender_000302,noisy,images/sample_00302.png,09:36,576,09:36:25,34585,25,07:23,443,07:23:13,26593,True,False,False,False,133,False,False,False,07:23:13,0.18956327438354492,
rege_ood_noisy_blender_000303,noisy,images/sample_00303.png,04:42,282,,,,04:42,282,04:42:00,16920,True,True,True,True,0,True,True,,04:42:00,0.19351410865783691,
rege_ood_noisy_blender_000304,noisy,images/sample_00304.png,09:33,573,,,,10:35,635,10:35:00,38100,True,False,False,False,62,False,False,,10:35:00,0.17322707176208496,
rege_ood_noisy_blender_000305,noisy,images/sample_00305.png,02:41,161,02:41:37,9697,37,07:40,460,07:40:37,27637,True,False,False,False,299,False,False,True,07:40:37,0.19158387184143066,
rege_ood_noisy_blender_000306,noisy,images/sample_00306.png,02:43,163,02:43:52,9832,52,03:44,224,03:44:53,13493,True,False,False,False,61,False,False,False,03:44:53,0.18994355201721191,
rege_ood_noisy_blender_000307,noisy,images/sample_00307.png,12:59,59,,,,11:53,713,11:53:00,42780,True,False,False,False,66,False,False,,11:53:00,0.1906425952911377,
rege_ood_noisy_blender_000308,noisy,images/sample_00308.png,02:02,122,,,,,,,,False,False,False,False,,,,,14:16:00,0.18967270851135254,
rege_ood_noisy_blender_000309,noisy,images/sample_00309.png,11:02,662,,,,12:08,8,12:08:00,480,True,False,False,False,66,False,False,,12:08:00,0.2007436752319336,
rege_ood_noisy_blender_000310,noisy,images/sample_00310.png,12:21,21,12:21:53,1313,53,01:29,89,01:29:00,5340,True,False,False,False,68,False,False,False,01:29:00,0.1927647590637207,
rege_ood_noisy_blender_000311,noisy,images/sample_00311.png,01:28,88,,,,,,,,False,False,False,False,,,,,13:28:00,0.190230131149292,
rege_ood_noisy_blender_000312,noisy,images/sample_00312.png,03:04,184,,,,10:00,600,,,True,False,False,False,304,False,False,,16:10:00,0.1920483112335205,
rege_ood_noisy_blender_000313,noisy,images/sample_00313.png,09:06,546,,,,,,,,False,False,False,False,,,,,17:52:00,0.1928112506866455,
rege_ood_noisy_blender_000314,noisy,images/sample_00314.png,01:24,84,01:24:48,5088,48,,,,,False,False,False,False,,,,,15:36:57,0.18854141235351562,
rege_ood_noisy_blender_000315,noisy,images/sample_00315.png,06:42,402,,,,07:48,468,07:48:00,28080,True,False,False,False,66,False,False,,07:48:00,0.1889960765838623,
rege_ood_noisy_blender_000316,noisy,images/sample_00316.png,12:00,0,,,,10:51,651,10:51:50,39110,True,False,False,False,69,False,False,,10:51:50,0.19061779975891113,
rege_ood_noisy_blender_000317,noisy,images/sample_00317.png,08:14,494,,,,09:19,559,09:19:00,33540,True,False,False,False,65,False,False,,09:19:00,0.190108060836792,
rege_ood_noisy_blender_000318,noisy,images/sample_00318.png,04:41,281,,,,02:28,148,02:28:30,8910,True,False,False,False,133,False,False,,02:28:30,0.19284367561340332,
rege_ood_noisy_blender_000319,noisy,images/sample_00319.png,07:23,443,,,,09:33,573,09:33:00,34380,True,False,False,False,130,False,False,,09:33:00,0.18817758560180664,
rege_ood_noisy_blender_000320,noisy,images/sample_00320.png,08:45,525,,,,07:40,460,07:40:40,27640,True,False,False,False,65,False,False,,07:40:40,0.19358611106872559,
rege_ood_noisy_blender_000321,noisy,images/sample_00321.png,12:07,7,12:07:08,428,8,12:01,1,12:01:00,60,True,False,False,False,6,True,False,False,12:01:00,0.19023513793945312,
rege_ood_noisy_blender_000322,noisy,images/sample_00322.png,04:26,266,04:26:08,15968,8,03:19,199,03:19:09,11949,True,False,False,False,67,False,False,False,03:19:09,0.19025492668151855,
rege_ood_noisy_blender_000323,noisy,images/sample_00323.png,05:40,340,05:40:48,20448,48,,,,,False,False,False,False,,,,,17:39:46,0.19347405433654785,
rege_ood_noisy_blender_000324,noisy,images/sample_00324.png,05:08,308,05:08:58,18538,58,10:17,617,10:17:48,37068,True,False,False,False,309,False,False,False,10:17:48,0.18471884727478027,
rege_ood_noisy_blender_000325,noisy,images/sample_00325.png,05:36,336,05:36:18,20178,18,07:36,456,07:36:13,27373,True,False,False,False,120,False,True,False,07:36:13,0.18645906448364258,
rege_ood_noisy_blender_000326,noisy,images/sample_00326.png,06:15,375,,,,,,,,False,False,False,False,,,,,17:24:00,0.19495511054992676,
rege_ood_noisy_blender_000327,noisy,images/sample_00327.png,04:45,285,04:45:20,17120,20,,,,,False,False,False,False,,,,,13:31:05,0.17302799224853516,
rege_ood_noisy_blender_000328,noisy,images/sample_00328.png,01:42,102,01:42:14,6134,14,07:08,428,07:08:00,25680,True,False,False,False,326,False,False,False,07:08:00,0.17549991607666016,
rege_ood_noisy_blender_000329,noisy,images/sample_00329.png,04:52,292,,,,10:05,605,10:05:00,36300,True,False,False,False,313,False,False,,10:05:00,0.18103313446044922,
rege_ood_noisy_blender_000330,noisy,images/sample_00330.png,09:09,549,09:09:27,32967,27,02:45,165,02:45:19,9919,True,False,False,False,336,False,False,False,02:45:19,0.1728501319885254,
rege_ood_noisy_blender_000331,noisy,images/sample_00331.png,11:31,691,11:31:52,41512,52,10:24,624,10:24:45,37485,True,False,False,False,67,False,False,False,10:24:45,0.1716625690460205,
rege_ood_noisy_blender_000332,noisy,images/sample_00332.png,12:23,23,12:23:40,1420,40,11:18,678,11:18:37,40717,True,False,False,False,65,False,False,False,11:18:37,0.17293477058410645,
rege_ood_noisy_blender_000333,noisy,images/sample_00333.png,05:55,355,05:55:30,21330,30,04:20,260,04:20:46,15646,True,False,False,False,95,False,False,False,04:20:46,0.1717681884765625,
rege_ood_noisy_blender_000334,noisy,images/sample_00334.png,10:09,609,,,,10:10,610,10:10:00,36600,True,False,True,True,1,True,False,,10:10:00,0.17484211921691895,
rege_ood_noisy_blender_000335,noisy,images/sample_00335.png,05:36,336,,,,07:45,465,07:45:00,27900,True,False,False,False,129,False,False,,07:45:00,0.1722548007965088,
rege_ood_noisy_blender_000336,noisy,images/sample_00336.png,05:07,307,05:07:26,18446,26,12:15,15,12:15:00,900,True,False,False,False,292,False,False,False,12:15:00,0.17079401016235352,
rege_ood_noisy_blender_000337,noisy,images/sample_00337.png,12:18,18,,,,11:13,673,11:13:00,40380,True,False,False,False,65,False,False,,11:13:00,0.17566895484924316,
rege_ood_noisy_blender_000338,noisy,images/sample_00338.png,04:47,287,04:47:36,17256,36,04:45,285,04:45:35,17135,True,False,False,True,2,True,False,False,04:45:35,0.17370867729187012,
rege_ood_noisy_blender_000339,noisy,images/sample_00339.png,05:50,350,,,,08:03,483,08:03:00,28980,True,False,False,False,133,False,False,,08:03:00,0.17108440399169922,
rege_ood_noisy_blender_000340,noisy,images/sample_00340.png,10:12,612,,,,12:17,17,12:17:00,1020,True,False,False,False,125,False,False,,12:17:00,0.16948866844177246,
rege_ood_noisy_blender_000341,noisy,images/sample_00341.png,06:12,372,,,,10:05,605,10:05:00,36300,True,False,False,False,233,False,False,,10:05:00,0.17209768295288086,
rege_ood_noisy_blender_000342,noisy,images/sample_00342.png,10:21,621,10:21:15,37275,15,09:16,556,09:16:10,33370,True,False,False,False,65,False,False,False,09:16:10,0.17012906074523926,
rege_ood_noisy_blender_000343,noisy,images/sample_00343.png,02:01,121,,,,01:55,115,01:55:00,6900,True,False,False,False,6,False,False,,01:55:00,0.17203021049499512,
rege_ood_noisy_blender_000344,noisy,images/sample_00344.png,01:31,91,01:31:51,5511,51,,,,,False,False,False,False,,,,,19:54:57,0.1722424030303955,
rege_ood_noisy_blender_000345,noisy,images/sample_00345.png,12:35,35,12:35:19,2119,19,,,,,False,False,False,False,,,,,00:32:17,0.1718888282775879,
rege_ood_noisy_blender_000346,noisy,images/sample_00346.png,07:21,441,,,,,,,,False,False,False,False,,,,,18:29:00,0.17183446884155273,
rege_ood_noisy_blender_000347,noisy,images/sample_00347.png,12:55,55,12:55:38,3338,38,11:47,707,11:47:32,42452,True,False,False,False,68,False,False,False,11:47:32,0.17081618309020996,
rege_ood_noisy_blender_000348,noisy,images/sample_00348.png,07:23,443,,,,07:20,440,07:20:00,26400,True,False,False,True,3,True,False,,07:20:00,0.17236328125,
rege_ood_noisy_blender_000349,noisy,images/sample_00349.png,03:21,201,,,,,,,,False,False,False,False,,,,,16:25:28,0.17119431495666504,
rege_ood_noisy_blender_000350,noisy,images/sample_00350.png,12:28,28,12:28:39,1719,39,07:46,466,07:46:47,28007,True,False,False,False,282,False,False,False,07:46:47,0.1736741065979004,
rege_ood_noisy_blender_000351,noisy,images/sample_00351.png,12:35,35,12:35:42,2142,42,10:20,620,10:20:00,37200,True,False,False,False,135,False,False,False,10:20:00,0.1699068546295166,
rege_ood_noisy_blender_000352,noisy,images/sample_00352.png,10:17,617,10:17:23,37043,23,04:21,261,04:21:26,15686,True,False,False,False,356,False,False,False,04:21:26,0.17045092582702637,
rege_ood_noisy_blender_000353,noisy,images/sample_00353.png,10:51,651,10:51:52,39112,52,09:45,585,09:45:00,35100,True,False,False,False,66,False,False,False,09:45:00,0.1722707748413086,
rege_ood_noisy_blender_000354,noisy,images/sample_00354.png,11:42,702,,,,10:15,615,10:15:00,36900,True,False,False,False,87,False,False,,10:15:00,0.17048263549804688,
rege_ood_noisy_blender_000355,noisy,images/sample_00355.png,07:03,423,,,,08:12,492,08:12:00,29520,True,False,False,False,69,False,False,,08:12:00,0.17067503929138184,
rege_ood_noisy_blender_000356,noisy,images/sample_00356.png,08:49,529,,,,09:46,586,09:46:00,35160,True,False,False,False,57,False,False,,09:46:00,0.1713428497314453,
rege_ood_noisy_blender_000357,noisy,images/sample_00357.png,10:39,639,10:39:31,38371,31,09:50,590,09:50:28,35428,True,False,False,False,49,False,False,False,09:50:28,0.16916179656982422,
rege_ood_noisy_blender_000358,noisy,images/sample_00358.png,10:03,603,,,,11:13,673,11:13:00,40380,True,False,False,False,70,False,False,,11:13:00,0.18139910697937012,
rege_ood_noisy_blender_000359,noisy,images/sample_00359.png,01:25,85,01:25:31,5131,31,07:15,435,07:15:42,26142,True,False,False,False,350,False,False,False,07:15:42,0.1858234405517578,
rege_ood_noisy_blender_000360,noisy,images/sample_00360.png,05:48,348,05:48:42,20922,42,03:36,216,03:36:31,12991,True,False,False,False,132,False,False,False,03:36:31,0.17020320892333984,
rege_ood_noisy_blender_000361,noisy,images/sample_00361.png,01:02,62,01:02:06,3726,6,01:09,69,01:09:08,4148,True,False,False,False,7,True,False,False,01:09:08,0.17142772674560547,
rege_ood_noisy_blender_000362,noisy,images/sample_00362.png,09:52,592,,,,03:46,226,03:46:45,13605,True,False,False,False,354,False,False,,03:46:45,0.18958330154418945,
rege_ood_noisy_blender_000363,noisy,images/sample_00363.png,10:52,652,10:52:21,39141,21,10:17,617,10:17:00,37020,True,False,False,False,35,True,False,False,10:17:00,0.18752241134643555,
rege_ood_noisy_blender_000364,noisy,images/sample_00364.png,07:30,450,07:30:18,27018,18,,,,,False,False,False,False,,,,,17:13:12,0.18551325798034668,
rege_ood_noisy_blender_000365,noisy,images/sample_00365.png,03:30,210,,,,,,,,False,False,False,False,,,,,15:30:00,0.17831087112426758,
rege_ood_noisy_blender_000366,noisy,images/sample_00366.png,12:47,47,12:47:59,2879,59,09:58,598,09:58:57,35937,True,False,False,False,169,False,False,False,09:58:57,0.19657158851623535,
rege_ood_noisy_blender_000367,noisy,images/sample_00367.png,09:50,590,,,,11:59,719,11:59:00,43140,True,False,False,False,129,False,False,,11:59:00,0.19707059860229492,
rege_ood_noisy_blender_000368,noisy,images/sample_00368.png,10:08,608,,,,07:55,475,07:55:57,28557,True,False,False,False,133,False,False,,07:55:57,0.19130277633666992,
rege_ood_noisy_blender_000369,noisy,images/sample_00369.png,12:11,11,,,,11:09,669,11:09:38,40178,True,False,False,False,62,False,False,,11:09:38,0.19509387016296387,
rege_ood_noisy_blender_000370,noisy,images/sample_00370.png,04:41,281,,,,,,,,False,False,False,False,,,,,18:45:00,0.1937999725341797,
rege_ood_noisy_blender_000371,noisy,images/sample_00371.png,07:33,453,07:33:47,27227,47,,,,,False,False,False,False,,,,,17:38:40,0.19058966636657715,
rege_ood_noisy_blender_000372,noisy,images/sample_00372.png,09:58,598,,,,10:59,659,10:59:00,39540,True,False,False,False,61,False,False,,10:59:00,0.19443678855895996,
rege_ood_noisy_blender_000373,noisy,images/sample_00373.png,05:37,337,05:37:30,20250,30,06:41,401,06:41:36,24096,True,False,False,False,64,False,False,False,06:41:36,0.19135117530822754,
rege_ood_noisy_blender_000374,noisy,images/sample_00374.png,05:43,343,,,,,,,,False,False,False,False,,,,,15:32:00,0.19399809837341309,
rege_ood_noisy_blender_000375,noisy,images/sample_00375.png,06:12,372,,,,12:19,19,12:19:00,1140,True,False,False,False,353,False,False,,12:19:00,0.1918318271636963,
rege_ood_noisy_blender_000376,noisy,images/sample_00376.png,09:05,545,,,,10:53,653,10:53:00,39180,True,False,False,False,108,False,False,,10:53:00,0.20506715774536133,
rege_ood_noisy_blender_000377,noisy,images/sample_00377.png,01:03,63,01:03:49,3829,49,10:43,643,10:43:55,38635,True,False,False,False,140,False,False,False,10:43:55,0.19002771377563477,
rege_ood_noisy_blender_000378,noisy,images/sample_00378.png,05:15,315,,,,07:27,447,07:27:30,26850,True,False,False,False,132,False,False,,07:27:30,0.19059300422668457,
rege_ood_noisy_blender_000379,noisy,images/sample_00379.png,11:27,687,,,,12:30,30,12:30:30,1830,True,False,False,False,63,False,False,,12:30:30,0.19159913063049316,
rege_ood_noisy_blender_000380,noisy,images/sample_00380.png,11:50,710,,,,11:49,709,11:49:00,42540,True,False,True,True,1,True,False,,11:49:00,0.18522071838378906,
rege_ood_noisy_blender_000381,noisy,images/sample_00381.png,02:52,172,,,,04:05,245,04:05:00,14700,True,False,False,False,73,False,False,,04:05:00,0.18268990516662598,
rege_ood_noisy_blender_000382,noisy,images/sample_00382.png,09:27,567,,,,07:19,439,07:19:00,26340,True,False,False,False,128,False,False,,07:19:00,0.1827852725982666,
rege_ood_noisy_blender_000383,noisy,images/sample_00383.png,08:51,531,,,,10:40,640,10:40:45,38445,True,False,False,False,109,False,False,,10:40:45,0.1853010654449463,
rege_ood_noisy_blender_000384,noisy,images/sample_00384.png,11:58,718,,,,02:07,127,02:07:00,7620,True,False,False,False,129,False,False,,02:07:00,0.18490934371948242,
rege_ood_noisy_blender_000385,noisy,images/sample_00385.png,04:35,275,04:35:30,16530,30,07:44,464,07:44:45,27885,True,False,False,False,189,False,False,False,07:44:45,0.1739814281463623,
rege_ood_noisy_blender_000386,noisy,images/sample_00386.png,06:30,390,,,,07:38,458,07:38:00,27480,True,False,False,False,68,False,False,,07:38:00,0.1804790496826172,
rege_ood_noisy_blender_000387,noisy,images/sample_00387.png,06:24,384,06:24:11,23051,11,,,,,False,False,False,False,,,,,18:18:18,0.18286609649658203,
rege_ood_noisy_blender_000388,noisy,images/sample_00388.png,03:48,228,,,,08:43,523,08:43:00,31380,True,False,False,False,295,False,False,,08:43:00,0.1903691291809082,
rege_ood_noisy_blender_000389,noisy,images/sample_00389.png,06:57,417,06:57:51,25071,51,10:45,645,10:45:00,38700,True,False,False,False,228,False,False,False,10:45:00,0.18717551231384277,
rege_ood_noisy_blender_000390,noisy,images/sample_00390.png,10:27,627,10:27:33,37653,33,10:28,628,10:28:30,37710,True,False,True,True,1,True,False,False,10:28:30,0.1799488067626953,
rege_ood_noisy_blender_000391,noisy,images/sample_00391.png,01:48,108,01:48:11,6491,11,12:17,17,12:17:00,1020,True,False,False,False,91,False,False,False,12:17:00,0.18673920631408691,
rege_ood_noisy_blender_000392,noisy,images/sample_00392.png,12:06,6,,,,11:03,663,11:03:00,39780,True,False,False,False,63,False,False,,11:03:00,0.18465185165405273,
rege_ood_noisy_blender_000393,noisy,images/sample_00393.png,01:11,71,01:11:51,4311,51,02:16,136,02:16:56,8216,True,False,False,False,65,False,False,False,02:16:56,0.18511128425598145,
rege_ood_noisy_blender_000394,noisy,images/sample_00394.png,12:48,48,12:48:24,2904,24,10:15,615,10:15:00,36900,True,False,False,False,153,False,False,False,10:15:00,0.18759965896606445,
rege_ood_noisy_blender_000395,noisy,images/sample_00395.png,06:38,398,,,,,,,,False,False,False,False,,,,,17:27:33,0.1901094913482666,
rege_ood_noisy_blender_000396,noisy,images/sample_00396.png,02:00,120,,,,10:07,607,10:07:00,36420,True,False,False,False,233,False,False,,10:07:00,0.18977642059326172,
rege_ood_noisy_blender_000397,noisy,images/sample_00397.png,06:39,399,,,,08:50,530,08:50:00,31800,True,False,False,False,131,False,False,,08:50:00,0.18889427185058594,
rege_ood_noisy_blender_000398,noisy,images/sample_00398.png,03:46,226,03:46:36,13596,36,07:37,457,07:37:26,27446,True,False,False,False,231,False,False,False,07:37:26,0.19099020957946777,
rege_ood_noisy_blender_000399,noisy,images/sample_00399.png,05:50,350,05:50:25,21025,25,07:00,420,07:00:34,25234,True,False,False,False,70,False,False,False,07:00:34,0.19357728958129883,
rege_ood_noisy_blender_000400,noisy,images/sample_00400.png,10:01,601,10:01:02,36062,2,09:00,540,09:00:01,32401,True,False,False,False,61,False,False,False,09:00:01,0.191819429397583,
rege_ood_noisy_blender_000401,noisy,images/sample_00401.png,01:45,105,01:45:56,6356,56,12:40,40,12:40:47,2447,True,False,False,False,65,False,False,False,12:40:47,0.1901097297668457,
rege_ood_noisy_blender_000402,noisy,images/sample_00402.png,02:13,133,02:13:31,8011,31,,,,,False,False,False,False,,,,,15:38:37,0.17635488510131836,
rege_ood_noisy_blender_000403,noisy,images/sample_00403.png,08:39,519,08:39:35,31175,35,07:36,456,07:36:31,27391,True,False,False,False,63,False,False,False,07:36:31,0.19214558601379395,
rege_ood_noisy_blender_000404,noisy,images/sample_00404.png,11:24,684,11:24:33,41073,33,07:41,461,07:41:47,27707,True,False,False,False,223,False,False,False,07:41:47,0.19196557998657227,
rege_ood_noisy_blender_000405,noisy,images/sample_00405.png,03:47,227,03:47:08,13628,8,07:37,457,07:37:57,27477,True,False,False,False,230,False,False,False,07:37:57,0.1912984848022461,
rege_ood_noisy_blender_000406,noisy,images/sample_00406.png,06:36,396,06:36:33,23793,33,,,,,False,False,False,False,,,,,17:27:00,0.1856987476348877,
rege_ood_noisy_blender_000407,noisy,images/sample_00407.png,05:07,307,,,,,,,,False,False,False,False,,,,,13:20:00,0.18219852447509766,
rege_ood_noisy_blender_000408,noisy,images/sample_00408.png,06:35,395,06:35:41,23741,41,,,,,False,False,False,False,,,,,16:24:30,0.1878354549407959,
rege_ood_noisy_blender_000409,noisy,images/sample_00409.png,08:50,530,08:50:57,31857,57,07:47,467,07:47:48,28068,True,False,False,False,63,False,False,False,07:47:48,0.1947007179260254,
rege_ood_noisy_blender_000410,noisy,images/sample_00410.png,12:40,40,12:40:15,2415,15,,,,,False,False,False,False,,,,,00:39:15,0.19350862503051758,
rege_ood_noisy_blender_000411,noisy,images/sample_00411.png,12:33,33,12:33:37,2017,37,,,,,False,False,False,False,,,,,17:31:30,0.18775153160095215,
rege_ood_noisy_blender_000412,noisy,images/sample_00412.png,07:02,422,,,,09:15,555,09:15:00,33300,True,False,False,False,133,False,False,,09:15:00,0.18027758598327637,
rege_ood_noisy_blender_000413,noisy,images/sample_00413.png,04:43,283,04:43:11,16991,11,04:40,280,04:40:08,16808,True,False,False,True,3,True,False,False,04:40:08,0.18953609466552734,
rege_ood_noisy_blender_000414,noisy,images/sample_00414.png,07:28,448,,,,09:37,577,09:37:00,34620,True,False,False,False,129,False,False,,09:37:00,0.19193792343139648,
rege_ood_noisy_blender_000415,noisy,images/sample_00415.png,11:24,684,,,,,,,,False,False,False,False,,,,,17:23:00,0.18998217582702637,
rege_ood_noisy_blender_000416,noisy,images/sample_00416.png,10:41,641,10:41:01,38461,1,10:44,644,10:44:00,38640,True,False,False,True,3,True,False,False,10:44:00,0.19180941581726074,
rege_ood_noisy_blender_000417,noisy,images/sample_00417.png,03:17,197,,,,03:14,194,03:14:00,11640,True,False,False,True,3,True,False,,03:14:00,0.19110631942749023,
rege_ood_noisy_blender_000418,noisy,images/sample_00418.png,09:05,545,,,,,,,,False,False,False,False,,,,,00:00:00,0.19254755973815918,
rege_ood_noisy_blender_000419,noisy,images/sample_00419.png,05:47,347,,,,04:45,285,04:45:00,17100,True,False,False,False,62,False,False,,04:45:00,0.18956923484802246,
rege_ood_noisy_blender_000420,noisy,images/sample_00420.png,08:24,504,08:24:49,30289,49,07:18,438,07:18:45,26325,True,False,False,False,66,False,False,False,07:18:45,0.18995881080627441,
rege_ood_noisy_blender_000421,noisy,images/sample_00421.png,07:11,431,07:11:09,25869,9,06:05,365,06:05:00,21900,True,False,False,False,66,False,False,False,06:05:00,0.19656968116760254,
rege_ood_noisy_blender_000422,noisy,images/sample_00422.png,04:55,295,,,,12:00,0,12:00:00,0,True,False,False,False,295,False,False,,12:00:00,0.18977975845336914,
rege_ood_noisy_blender_000423,noisy,images/sample_00423.png,11:22,682,,,,11:22,682,11:22:30,40950,True,True,True,True,0,True,True,,11:22:30,0.19191956520080566,
rege_ood_noisy_blender_000424,noisy,images/sample_00424.png,07:23,443,,,,07:16,436,07:16:00,26160,True,False,False,False,7,True,False,,07:16:00,0.1944749355316162,
rege_ood_noisy_blender_000425,noisy,images/sample_00425.png,08:18,498,,,,09:18,558,09:18:00,33480,True,False,False,False,60,False,True,,09:18:00,0.19440889358520508,
rege_ood_noisy_blender_000426,noisy,images/sample_00426.png,12:47,47,,,,11:42,702,11:42:00,42120,True,False,False,False,65,False,False,,11:42:00,0.191817045211792,
rege_ood_noisy_blender_000427,noisy,images/sample_00427.png,04:37,277,04:37:07,16627,7,04:55,295,,,True,False,False,False,18,True,False,,17:04:55,0.19310235977172852,
rege_ood_noisy_blender_000428,noisy,images/sample_00428.png,11:05,665,,,,12:11,11,12:11:00,660,True,False,False,False,66,False,False,,12:11:00,0.17318201065063477,
rege_ood_noisy_blender_000429,noisy,images/sample_00429.png,01:43,103,01:43:47,6227,47,10:50,650,10:50:55,39055,True,False,False,False,173,False,False,False,10:50:55,0.1734914779663086,
rege_ood_noisy_blender_000430,noisy,images/sample_00430.png,08:37,517,08:37:46,31066,46,10:50,650,10:50:55,39055,True,False,False,False,133,False,False,False,10:50:55,0.17121171951293945,
rege_ood_noisy_blender_000431,noisy,images/sample_00431.png,07:57,477,07:57:01,28621,1,10:55,655,10:55:57,39357,True,False,False,False,178,False,False,False,10:55:57,0.17639684677124023,
rege_ood_noisy_blender_000432,noisy,images/sample_00432.png,09:26,566,,,,09:24,564,09:24:00,33840,True,False,False,True,2,True,False,,09:24:00,0.17790555953979492,
rege_ood_noisy_blender_000433,noisy,images/sample_00433.png,11:27,687,11:27:33,41253,33,,,,,False,False,False,False,,,,,17:32:32,0.18634915351867676,
rege_ood_noisy_blender_000434,noisy,images/sample_00434.png,05:53,353,,,,04:46,286,04:46:00,17160,True,False,False,False,67,False,False,,04:46:00,0.1891307830810547,
rege_ood_noisy_blender_000435,noisy,images/sample_00435.png,03:33,213,,,,04:37,277,04:37:30,16650,True,False,False,False,64,False,False,,04:37:30,0.19199800491333008,
rege_ood_noisy_blender_000436,noisy,images/sample_00436.png,07:15,435,07:15:20,26120,20,,,,,False,False,False,False,,,,,17:47:31,0.18702054023742676,
rege_ood_noisy_blender_000437,noisy,images/sample_00437.png,11:12,672,,,,01:20,80,01:20:30,4830,True,False,False,False,128,False,False,,01:20:30,0.17341256141662598,
rege_ood_noisy_blender_000438,noisy,images/sample_00438.png,02:24,144,,,,,,,,False,False,False,False,,,,,16:34:35,0.17238378524780273,
rege_ood_noisy_blender_000439,noisy,images/sample_00439.png,04:59,299,,,,03:47,227,03:47:00,13620,True,False,False,False,72,False,False,,03:47:00,0.1735689640045166,
rege_ood_noisy_blender_000440,noisy,images/sample_00440.png,09:20,560,09:20:48,33648,48,09:18,558,09:18:00,33480,True,False,False,True,2,True,False,False,09:18:00,0.17706942558288574,
rege_ood_noisy_blender_000441,noisy,images/sample_00441.png,08:41,521,08:41:13,31273,13,07:38,458,07:38:09,27489,True,False,False,False,63,False,False,False,07:38:09,0.1694927215576172,
rege_ood_noisy_blender_000442,noisy,images/sample_00442.png,11:10,670,11:10:31,40231,31,09:45,585,09:45:00,35100,True,False,False,False,85,False,False,False,09:45:00,0.17505669593811035,
rege_ood_noisy_blender_000443,noisy,images/sample_00443.png,11:18,678,11:18:03,40683,3,10:15,615,10:15:02,36902,True,False,False,False,63,False,False,False,10:15:02,0.17433953285217285,
rege_ood_noisy_blender_000444,noisy,images/sample_00444.png,01:19,79,01:19:59,4799,59,04:23,263,04:23:08,15788,True,False,False,False,184,False,False,False,04:23:08,0.17274165153503418,
rege_ood_noisy_blender_000445,noisy,images/sample_00445.png,04:03,243,04:03:17,14597,17,,,,,False,False,False,False,,,,,18:14:27,0.17457079887390137,
rege_ood_noisy_blender_000446,noisy,images/sample_00446.png,11:11,671,11:11:43,40303,43,09:00,540,09:00:00,32400,True,False,False,False,131,False,False,False,09:00:00,0.17224669456481934,
rege_ood_noisy_blender_000447,noisy,images/sample_00447.png,12:48,48,,,,01:47,107,01:47:00,6420,True,False,False,False,59,False,False,,01:47:00,0.17156314849853516,
rege_ood_noisy_blender_000448,noisy,images/sample_00448.png,10:54,654,,,,09:47,587,09:47:00,35220,True,False,False,False,67,False,False,,09:47:00,0.1722872257232666,
rege_ood_noisy_blender_000449,noisy,images/sample_00449.png,02:54,174,,,,12:40,40,12:40:00,2400,True,False,False,False,134,False,False,,12:40:00,0.1748647689819336,
rege_ood_noisy_blender_000450,noisy,images/sample_00450.png,03:21,201,,,,,,,,False,False,False,False,,,,,15:22:00,0.18068432807922363,
rege_ood_noisy_blender_000451,noisy,images/sample_00451.png,07:55,475,07:55:58,28558,58,10:07,607,10:07:05,36425,True,False,False,False,132,False,False,False,10:07:05,0.17302989959716797,
rege_ood_noisy_blender_000452,noisy,images/sample_00452.png,05:46,346,05:46:22,20782,22,08:42,522,08:42:14,31334,True,False,False,False,176,False,False,False,08:42:14,0.17428088188171387,
rege_ood_noisy_blender_000453,noisy,images/sample_00453.png,09:07,547,09:07:44,32864,44,07:57,477,07:57:00,28620,True,False,False,False,70,False,False,False,07:57:00,0.1731412410736084,
rege_ood_noisy_blender_000454,noisy,images/sample_00454.png,08:10,490,08:10:53,29453,53,11:38,698,11:38:00,41880,True,False,False,False,208,False,False,False,11:38:00,0.17281317710876465,
rege_ood_noisy_blender_000455,noisy,images/sample_00455.png,08:10,490,,,,08:13,493,08:13:00,29580,True,False,False,True,3,True,False,,08:13:00,0.17382502555847168,
rege_ood_noisy_blender_000456,noisy,images/sample_00456.png,06:12,372,06:12:22,22342,22,07:22,442,07:22:13,26533,True,False,False,False,70,False,False,False,07:22:13,0.17297625541687012,
rege_ood_noisy_blender_000457,noisy,images/sample_00457.png,04:14,254,04:14:43,15283,43,,,,,False,False,False,False,,,,,16:15:45,0.1748497486114502,
rege_ood_noisy_blender_000458,noisy,images/sample_00458.png,04:37,277,,,,,,,,False,False,False,False,,,,,18:46:00,0.17296719551086426,
rege_ood_noisy_blender_000459,noisy,images/sample_00459.png,05:44,344,05:44:24,20664,24,09:49,589,09:49:33,35373,True,False,False,False,245,False,False,False,09:49:33,0.17322230339050293,
rege_ood_noisy_blender_000460,noisy,images/sample_00460.png,02:18,138,,,,02:18,138,02:18:00,8280,True,True,True,True,0,True,True,,02:18:00,0.1739823818206787,
rege_ood_noisy_blender_000461,noisy,images/sample_00461.png,07:59,479,07:59:44,28784,44,10:12,612,10:12:00,36720,True,False,False,False,133,False,False,False,10:12:00,0.17333292961120605,
rege_ood_noisy_blender_000462,noisy,images/sample_00462.png,02:10,130,,,,10:05,605,10:05:00,36300,True,False,False,False,245,False,False,,10:05:00,0.17547345161437988,
rege_ood_noisy_blender_000463,noisy,images/sample_00463.png,12:07,7,,,,10:55,655,10:55:00,39300,True,False,False,False,72,False,False,,10:55:00,0.1745011806488037,
rege_ood_noisy_blender_000464,noisy,images/sample_00464.png,07:11,431,07:11:06,25866,6,08:16,496,08:16:14,29774,True,False,False,False,65,False,False,False,08:16:14,0.1742699146270752,
rege_ood_noisy_blender_000465,noisy,images/sample_00465.png,09:24,564,09:24:55,33895,55,08:20,500,08:20:50,30050,True,False,False,False,64,False,False,False,08:20:50,0.17365717887878418,
rege_ood_noisy_blender_000466,noisy,images/sample_00466.png,09:44,584,09:44:08,35048,8,08:42,522,08:42:07,31327,True,False,False,False,62,False,False,False,08:42:07,0.1731858253479004,
rege_ood_noisy_blender_000467,noisy,images/sample_00467.png,06:44,404,,,,06:39,399,06:39:00,23940,True,False,False,True,5,True,False,,06:39:00,0.17463016510009766,
rege_ood_noisy_blender_000468,noisy,images/sample_00468.png,03:21,201,,,,03:20,200,03:20:00,12000,True,False,True,True,1,True,False,,03:20:00,0.17366790771484375,
rege_ood_noisy_blender_000469,noisy,images/sample_00469.png,08:07,487,08:07:23,29243,23,09:15,555,09:15:30,33330,True,False,False,False,68,False,False,False,09:15:30,0.17472195625305176,
rege_ood_noisy_blender_000470,noisy,images/sample_00470.png,02:41,161,02:41:01,9661,1,04:51,291,04:51:15,17475,True,False,False,False,130,False,False,False,04:51:15,0.17248082160949707,
rege_ood_noisy_blender_000471,noisy,images/sample_00471.png,08:58,538,,,,09:58,598,09:58:00,35880,True,False,False,False,60,False,True,,09:58:00,0.1724710464477539,
rege_ood_noisy_blender_000472,noisy,images/sample_00472.png,06:29,389,06:29:36,23376,36,,,,,False,False,False,False,,,,,17:37:30,0.17310166358947754,
rege_ood_noisy_blender_000473,noisy,images/sample_00473.png,10:24,624,,,,06:23,383,06:23:31,23011,True,False,False,False,241,False,False,,06:23:31,0.17218351364135742,
rege_ood_noisy_blender_000474,noisy,images/sample_00474.png,04:36,276,04:36:22,16582,22,,,,,False,False,False,False,,,,,18:16:00,0.17145133018493652,
rege_ood_noisy_blender_000475,noisy,images/sample_00475.png,06:28,388,,,,08:38,518,08:38:00,31080,True,False,False,False,130,False,False,,08:38:00,0.17459535598754883,
rege_ood_noisy_blender_000476,noisy,images/sample_00476.png,02:05,125,,,,12:58,58,12:58:00,3480,True,False,False,False,67,False,False,,12:58:00,0.22328567504882812,
rege_ood_noisy_blender_000477,noisy,images/sample_00477.png,05:12,312,05:12:08,18728,8,10:07,607,,,True,False,False,False,295,False,False,,17:10:07,0.17423105239868164,
rege_ood_noisy_blender_000478,noisy,images/sample_00478.png,01:30,90,01:30:14,5414,14,12:25,25,12:25:00,1500,True,False,False,False,65,False,False,False,12:25:00,0.17255163192749023,
rege_ood_noisy_blender_000479,noisy,images/sample_00479.png,01:54,114,01:54:19,6859,19,10:18,618,10:18:52,37132,True,False,False,False,216,False,False,False,10:18:52,0.1768476963043213,
rege_ood_noisy_blender_000480,noisy,images/sample_00480.png,10:29,629,,,,,,,,False,False,False,False,,,,,00:45:00,0.18561911582946777,
rege_ood_noisy_blender_000481,noisy,images/sample_00481.png,01:10,70,,,,12:05,5,12:05:00,300,True,False,False,False,65,False,False,,12:05:00,0.1862931251525879,
rege_ood_noisy_blender_000482,noisy,images/sample_00482.png,09:24,564,09:24:31,33871,31,07:17,437,07:17:23,26243,True,False,False,False,127,False,False,False,07:17:23,0.18691253662109375,
rege_ood_noisy_blender_000483,noisy,images/sample_00483.png,08:45,525,,,,09:52,592,09:52:00,35520,True,False,False,False,67,False,False,,09:52:00,0.19025611877441406,
rege_ood_noisy_blender_000484,noisy,images/sample_00484.png,05:54,354,05:54:40,21280,40,,,,,False,False,False,False,,,,,15:41:29,0.15192627906799316,
rege_ood_noisy_blender_000485,noisy,images/sample_00485.png,11:12,672,11:12:28,40348,28,,,,,False,False,False,False,,,,,00:47:00,0.15379118919372559,
rege_ood_noisy_blender_000486,noisy,images/sample_00486.png,08:44,524,,,,09:47,587,09:47:00,35220,True,False,False,False,63,False,False,,09:47:00,0.155043363571167,
rege_ood_noisy_blender_000487,noisy,images/sample_00487.png,02:51,171,02:51:30,10290,30,12:57,57,12:57:38,3458,True,False,False,False,114,False,False,False,12:57:38,0.1653892993927002,
rege_ood_noisy_blender_000488,noisy,images/sample_00488.png,08:50,530,,,,08:44,524,08:44:45,31485,True,False,False,False,6,True,False,,08:44:45,0.1570873260498047,
rege_ood_noisy_blender_000489,noisy,images/sample_00489.png,11:46,706,,,,09:35,575,09:35:00,34500,True,False,False,False,131,False,False,,09:35:00,0.16667437553405762,
rege_ood_noisy_blender_000490,noisy,images/sample_00490.png,08:48,528,08:48:37,31717,37,07:40,460,07:40:22,27622,True,False,False,False,68,False,False,False,07:40:22,0.17023348808288574,
rege_ood_noisy_blender_000491,noisy,images/sample_00491.png,04:44,284,,,,,,,,False,False,False,False,,,,,16:24:00,0.16579556465148926,
rege_ood_noisy_blender_000492,noisy,images/sample_00492.png,09:12,552,09:12:41,33161,41,09:12,552,09:12:40,33160,True,True,True,True,0,True,True,False,09:12:40,0.17782258987426758,
rege_ood_noisy_blender_000493,noisy,images/sample_00493.png,05:26,326,05:26:30,19590,30,,,,,False,False,False,False,,,,,17:28:32,0.17495131492614746,
rege_ood_noisy_blender_000494,noisy,images/sample_00494.png,09:01,541,,,,10:08,608,10:08:00,36480,True,False,False,False,67,False,False,,10:08:00,0.1762070655822754,
rege_ood_noisy_blender_000495,noisy,images/sample_00495.png,06:36,396,06:36:05,23765,5,07:40,460,07:40:10,27610,True,False,False,False,64,False,False,False,07:40:10,0.1753401756286621,
rege_ood_noisy_blender_000496,noisy,images/sample_00496.png,09:47,587,09:47:49,35269,49,07:38,458,07:38:00,27480,True,False,False,False,129,False,False,False,07:38:00,0.17250633239746094,
rege_ood_noisy_blender_000497,noisy,images/sample_00497.png,07:05,425,,,,08:14,494,08:14:00,29640,True,False,False,False,69,False,False,,08:14:00,0.17467379570007324,
rege_ood_noisy_blender_000498,noisy,images/sample_00498.png,03:34,214,03:34:48,12888,48,04:40,280,04:40:55,16855,True,False,False,False,66,False,False,False,04:40:55,0.17663097381591797,
rege_ood_noisy_blender_000499,noisy,images/sample_00499.png,12:28,28,12:28:51,1731,51,02:45,165,02:45:20,9920,True,False,False,False,137,False,False,False,02:45:20,0.1770496368408203,
