id,split,image,num_runs,parsed_count,parsed_rate,num_unique_predictions,agreement_rate,vote_pred_time_hhmm,vote_pred_time_minutes,vote_support,any_exact,any_tol1,any_tol5
rege_ood_noisy_blender_000000,noisy,images/sample_00000.png,5,5,1.0,1,1.0,01:24,84,5,False,False,False
rege_ood_noisy_blender_000001,noisy,images/sample_00001.png,5,1,0.2,1,1.0,08:27,507,1,False,False,False
rege_ood_noisy_blender_000002,noisy,images/sample_00002.png,5,5,1.0,1,1.0,07:46,466,5,False,False,False
rege_ood_noisy_blender_000003,noisy,images/sample_00003.png,5,5,1.0,2,0.8,01:40,100,4,True,True,True
rege_ood_noisy_blender_000004,noisy,images/sample_00004.png,5,5,1.0,2,0.6,10:13,613,3,False,False,False
rege_ood_noisy_blender_000005,noisy,images/sample_00005.png,5,1,0.2,1,1.0,04:30,270,1,False,False,False
rege_ood_noisy_blender_000006,noisy,images/sample_00006.png,5,5,1.0,2,0.6,08:55,535,3,False,False,False
rege_ood_noisy_blender_000007,noisy,images/sample_00007.png,5,5,1.0,1,1.0,11:27,687,5,False,True,True
rege_ood_noisy_blender_000008,noisy,images/sample_00008.png,5,5,1.0,2,0.6,09:25,565,3,False,False,False
rege_ood_noisy_blender_000009,noisy,images/sample_00009.png,5,5,1.0,2,0.8,07:39,459,4,False,False,False
rege_ood_noisy_blender_000010,noisy,images/sample_00010.png,5,0,0.0,0,0.0,,,0,False,False,False
rege_ood_noisy_blender_000011,noisy,images/sample_00011.png,5,5,1.0,1,1.0,05:07,307,5,False,False,False
rege_ood_noisy_blender_000012,noisy,images/sample_00012.png,5,1,0.2,1,1.0,05:14,314,1,False,False,False
rege_ood_noisy_blender_000013,noisy,images/sample_00013.png,5,5,1.0,1,1.0,10:05,605,5,False,False,False
rege_ood_noisy_blender_000014,noisy,images/sample_00014.png,5,5,1.0,1,1.0,10:12,612,5,False,False,False
rege_ood_noisy_blender_000015,noisy,images/sample_00015.png,5,5,1.0,5,0.2,09:00,540,1,False,False,False
rege_ood_noisy_blender_000016,noisy,images/sample_00016.png,5,5,1.0,2,0.8,10:12,612,4,False,False,True
rege_ood_noisy_blender_000017,noisy,images/sample_00017.png,5,5,1.0,3,0.4,11:02,2,2,False,False,False
rege_ood_noisy_blender_000018,noisy,images/sample_00018.png,5,5,1.0,2,0.8,10:05,605,4,False,False,False
rege_ood_noisy_blender_000019,noisy,images/sample_00019.png,5,5,1.0,1,1.0,11:59,719,5,False,False,False
rege_ood_noisy_blender_000020,noisy,images/sample_00020.png,5,0,0.0,0,0.0,,,0,False,False,False
rege_ood_noisy_blender_000021,noisy,images/sample_00021.png,5,0,0.0,0,0.0,,,0,False,False,False
rege_ood_noisy_blender_000022,noisy,images/sample_00022.png,5,0,0.0,0,0.0,,,0,False,False,False
rege_ood_noisy_blender_000023,noisy,images/sample_00023.png,5,0,0.0,0,0.0,,,0,False,False,False
rege_ood_noisy_blender_000024,noisy,images/sample_00024.png,5,0,0.0,0,0.0,,,0,False,False,False
rege_ood_noisy_blender_000025,noisy,images/sample_00025.png,5,0,0.0,0,0.0,,,0,False,False,False
rege_ood_noisy_blender_000026,noisy,images/sample_00026.png,5,4,0.8,1,1.0,07:23,443,4,False,False,False
rege_ood_noisy_blender_000027,noisy,images/sample_00027.png,5,3,0.6,2,0.6666666666666666,10:25,625,2,False,False,False
rege_ood_noisy_blender_000028,noisy,images/sample_00028.png,5,5,1.0,2,0.8,02:13,133,4,False,False,False
rege_ood_noisy_blender_000029,noisy,images/sample_00029.png,5,5,1.0,1,1.0,12:55,55,5,False,False,False
rege_ood_noisy_blender_000030,noisy,images/sample_00030.png,5,5,1.0,5,0.2,09:52,592,1,False,False,False
rege_ood_noisy_blender_000031,noisy,images/sample_00031.png,5,5,1.0,2,0.8,04:49,289,4,False,False,False
rege_ood_noisy_blender_000032,noisy,images/sample_00032.png,5,5,1.0,1,1.0,10:50,650,5,False,False,False
rege_ood_noisy_blender_000033,noisy,images/sample_00033.png,5,5,1.0,1,1.0,12:05,5,5,False,False,False
rege_ood_noisy_blender_000034,noisy,images/sample_00034.png,5,5,1.0,1,1.0,10:25,625,5,False,False,False
rege_ood_noisy_blender_000035,noisy,images/sample_00035.png,5,2,0.4,1,1.0,04:15,255,2,False,False,False
rege_ood_noisy_blender_000036,noisy,images/sample_00036.png,5,5,1.0,1,1.0,10:42,642,5,False,False,False
rege_ood_noisy_blender_000037,noisy,images/sample_00037.png,5,5,1.0,1,1.0,07:48,468,5,False,False,False
rege_ood_noisy_blender_000038,noisy,images/sample_00038.png,5,5,1.0,2,0.6,01:53,113,3,False,False,False
rege_ood_noisy_blender_000039,noisy,images/sample_00039.png,5,5,1.0,1,1.0,12:20,20,5,False,False,False
rege_ood_noisy_blender_000040,noisy,images/sample_00040.png,5,5,1.0,2,0.8,08:47,527,4,False,False,False
rege_ood_noisy_blender_000041,noisy,images/sample_00041.png,5,5,1.0,3,0.4,08:17,497,2,False,False,False
rege_ood_noisy_blender_000042,noisy,images/sample_00042.png,5,5,1.0,1,1.0,07:42,462,5,False,False,False
rege_ood_noisy_blender_000043,noisy,images/sample_00043.png,5,5,1.0,1,1.0,03:57,237,5,False,False,False
rege_ood_noisy_blender_000044,noisy,images/sample_00044.png,5,5,1.0,1,1.0,11:52,712,5,False,False,True
rege_ood_noisy_blender_000045,noisy,images/sample_00045.png,5,5,1.0,1,1.0,07:42,462,5,False,False,False
rege_ood_noisy_blender_000046,noisy,images/sample_00046.png,5,5,1.0,2,0.6,12:57,57,3,False,False,False
rege_ood_noisy_blender_000047,noisy,images/sample_00047.png,5,5,1.0,2,0.6,07:51,471,3,False,False,False
rege_ood_noisy_blender_000048,noisy,images/sample_00048.png,5,5,1.0,2,0.8,10:14,614,4,False,False,False
rege_ood_noisy_blender_000049,noisy,images/sample_00049.png,5,5,1.0,2,0.8,10:07,607,4,False,False,False
rege_ood_noisy_blender_000050,noisy,images/sample_00050.png,5,5,1.0,1,1.0,02:43,163,5,False,False,False
rege_ood_noisy_blender_000051,noisy,images/sample_00051.png,5,5,1.0,2,0.6,10:33,633,3,False,False,False
rege_ood_noisy_blender_000052,noisy,images/sample_00052.png,5,5,1.0,2,0.6,07:32,452,3,False,False,False
rege_ood_noisy_blender_000053,noisy,images/sample_00053.png,5,5,1.0,1,1.0,10:44,644,5,False,False,False
rege_ood_noisy_blender_000054,noisy,images/sample_00054.png,5,5,1.0,1,1.0,12:00,0,5,False,False,False
rege_ood_noisy_blender_000055,noisy,images/sample_00055.png,5,3,0.6,2,0.6666666666666666,07:37,457,2,False,False,False
rege_ood_noisy_blender_000056,noisy,images/sample_00056.png,5,5,1.0,2,0.8,09:48,588,4,False,False,False
rege_ood_noisy_blender_000057,noisy,images/sample_00057.png,5,5,1.0,2,0.8,12:00,0,4,False,False,False
rege_ood_noisy_blender_000058,noisy,images/sample_00058.png,5,0,0.0,0,0.0,,,0,False,False,False
rege_ood_noisy_blender_000059,noisy,images/sample_00059.png,5,0,0.0,0,0.0,,,0,False,False,False
rege_ood_noisy_blender_000060,noisy,images/sample_00060.png,5,5,1.0,1,1.0,04:07,247,5,False,False,True
rege_ood_noisy_blender_000061,noisy,images/sample_00061.png,5,5,1.0,2,0.6,10:45,645,3,False,False,False
rege_ood_noisy_blender_000062,noisy,images/sample_00062.png,5,5,1.0,1,1.0,08:11,491,5,False,False,True
rege_ood_noisy_blender_000063,noisy,images/sample_00063.png,5,5,1.0,2,0.6,03:09,189,3,True,True,True
rege_ood_noisy_blender_000064,noisy,images/sample_00064.png,5,5,1.0,1,1.0,10:47,647,5,True,True,True
rege_ood_noisy_blender_000065,noisy,images/sample_00065.png,5,3,0.6,1,1.0,01:21,81,3,False,False,False
rege_ood_noisy_blender_000066,noisy,images/sample_00066.png,5,3,0.6,1,1.0,04:45,285,3,False,False,False
rege_ood_noisy_blender_000067,noisy,images/sample_00067.png,5,5,1.0,1,1.0,10:53,653,5,False,False,False
rege_ood_noisy_blender_000068,noisy,images/sample_00068.png,5,5,1.0,1,1.0,10:52,652,5,False,False,False
rege_ood_noisy_blender_000069,noisy,images/sample_00069.png,5,5,1.0,3,0.4,12:00,0,2,False,False,False
rege_ood_noisy_blender_000070,noisy,images/sample_00070.png,5,5,1.0,1,1.0,09:00,540,5,False,False,False
rege_ood_noisy_blender_000071,noisy,images/sample_00071.png,5,5,1.0,2,0.6,06:54,414,3,False,False,False
rege_ood_noisy_blender_000072,noisy,images/sample_00072.png,5,5,1.0,1,1.0,12:02,2,5,False,False,False
rege_ood_noisy_blender_000073,noisy,images/sample_00073.png,5,5,1.0,1,1.0,12:05,5,5,False,False,False
rege_ood_noisy_blender_000074,noisy,images/sample_00074.png,5,5,1.0,1,1.0,07:55,475,5,False,False,False
rege_ood_noisy_blender_000075,noisy,images/sample_00075.png,5,5,1.0,2,0.6,10:15,615,3,False,False,False
rege_ood_noisy_blender_000076,noisy,images/sample_00076.png,5,5,1.0,1,1.0,04:42,282,5,False,False,False
rege_ood_noisy_blender_000077,noisy,images/sample_00077.png,5,4,0.8,2,0.5,04:40,280,2,False,False,False
rege_ood_noisy_blender_000078,noisy,images/sample_00078.png,5,5,1.0,2,0.6,02:13,133,3,False,False,False
rege_ood_noisy_blender_000079,noisy,images/sample_00079.png,5,5,1.0,3,0.4,09:42,582,2,False,False,False
rege_ood_noisy_blender_000080,noisy,images/sample_00080.png,5,0,0.0,0,0.0,,,0,False,False,False
rege_ood_noisy_blender_000081,noisy,images/sample_00081.png,5,5,1.0,3,0.4,07:37,457,2,False,False,False
rege_ood_noisy_blender_000082,noisy,images/sample_00082.png,5,2,0.4,1,1.0,07:26,446,2,False,False,False
rege_ood_noisy_blender_000083,noisy,images/sample_00083.png,5,5,1.0,1,1.0,12:43,43,5,False,False,False
rege_ood_noisy_blender_000084,noisy,images/sample_00084.png,5,5,1.0,3,0.4,07:18,438,2,False,False,False
rege_ood_noisy_blender_000085,noisy,images/sample_00085.png,5,5,1.0,4,0.4,02:05,125,2,False,False,False
rege_ood_noisy_blender_000086,noisy,images/sample_00086.png,5,3,0.6,1,1.0,03:29,209,3,False,False,False
rege_ood_noisy_blender_000087,noisy,images/sample_00087.png,5,5,1.0,3,0.6,01:32,92,3,False,False,False
rege_ood_noisy_blender_000088,noisy,images/sample_00088.png,5,0,0.0,0,0.0,,,0,False,False,False
rege_ood_noisy_blender_000089,noisy,images/sample_00089.png,5,5,1.0,4,0.4,09:24,564,2,False,False,True
rege_ood_noisy_blender_000090,noisy,images/sample_00090.png,5,1,0.2,1,1.0,05:36,336,1,False,False,False
rege_ood_noisy_blender_000091,noisy,images/sample_00091.png,5,5,1.0,1,1.0,11:15,675,5,False,False,False
rege_ood_noisy_blender_000092,noisy,images/sample_00092.png,5,5,1.0,1,1.0,09:00,540,5,False,False,True
rege_ood_noisy_blender_000093,noisy,images/sample_00093.png,5,5,1.0,3,0.4,09:13,553,2,False,False,False
rege_ood_noisy_blender_000094,noisy,images/sample_00094.png,5,5,1.0,1,1.0,02:45,165,5,False,False,True
rege_ood_noisy_blender_000095,noisy,images/sample_00095.png,5,5,1.0,1,1.0,10:53,653,5,False,False,False
rege_ood_noisy_blender_000096,noisy,images/sample_00096.png,5,5,1.0,1,1.0,10:32,632,5,False,False,False
rege_ood_noisy_blender_000097,noisy,images/sample_00097.png,5,5,1.0,2,0.8,08:42,522,4,False,False,False
rege_ood_noisy_blender_000098,noisy,images/sample_00098.png,5,0,0.0,0,0.0,,,0,False,False,False
rege_ood_noisy_blender_000099,noisy,images/sample_00099.png,5,5,1.0,1,1.0,12:53,53,5,False,False,False
rege_ood_noisy_blender_000100,noisy,images/sample_00100.png,5,5,1.0,2,0.6,03:50,230,3,False,True,True
rege_ood_noisy_blender_000101,noisy,images/sample_00101.png,5,5,1.0,1,1.0,10:25,625,5,False,False,False
rege_ood_noisy_blender_000102,noisy,images/sample_00102.png,5,2,0.4,1,1.0,02:22,142,2,False,False,False
rege_ood_noisy_blender_000103,noisy,images/sample_00103.png,5,5,1.0,2,0.8,10:16,616,4,False,False,True
rege_ood_noisy_blender_000104,noisy,images/sample_00104.png,5,5,1.0,1,1.0,04:40,280,5,False,False,False
rege_ood_noisy_blender_000105,noisy,images/sample_00105.png,5,5,1.0,1,1.0,08:52,532,5,False,False,True
rege_ood_noisy_blender_000106,noisy,images/sample_00106.png,5,4,0.8,1,1.0,12:00,0,4,False,False,False
rege_ood_noisy_blender_000107,noisy,images/sample_00107.png,5,4,0.8,3,0.5,10:15,615,2,False,False,False
rege_ood_noisy_blender_000108,noisy,images/sample_00108.png,5,5,1.0,4,0.4,10:53,653,2,False,False,False
rege_ood_noisy_blender_000109,noisy,images/sample_00109.png,5,5,1.0,2,0.6,08:52,532,3,False,False,True
rege_ood_noisy_blender_000110,noisy,images/sample_00110.png,5,5,1.0,1,1.0,09:38,578,5,False,False,False
rege_ood_noisy_blender_000111,noisy,images/sample_00111.png,5,5,1.0,1,1.0,09:56,596,5,False,False,False
rege_ood_noisy_blender_000112,noisy,images/sample_00112.png,5,5,1.0,1,1.0,11:28,688,5,False,True,True
rege_ood_noisy_blender_000113,noisy,images/sample_00113.png,5,5,1.0,1,1.0,02:05,125,5,False,False,False
rege_ood_noisy_blender_000114,noisy,images/sample_00114.png,5,4,0.8,1,1.0,02:27,147,4,False,True,True
rege_ood_noisy_blender_000115,noisy,images/sample_00115.png,5,5,1.0,2,0.6,06:53,413,3,False,False,False
rege_ood_noisy_blender_000116,noisy,images/sample_00116.png,5,5,1.0,1,1.0,02:40,160,5,False,False,True
rege_ood_noisy_blender_000117,noisy,images/sample_00117.png,5,4,0.8,2,0.75,12:00,0,3,False,False,False
rege_ood_noisy_blender_000118,noisy,images/sample_00118.png,5,5,1.0,1,1.0,12:12,12,5,False,True,True
rege_ood_noisy_blender_000119,noisy,images/sample_00119.png,5,5,1.0,3,0.6,06:09,369,3,False,False,False
rege_ood_noisy_blender_000120,noisy,images/sample_00120.png,5,5,1.0,1,1.0,08:37,517,5,False,False,False
rege_ood_noisy_blender_000121,noisy,images/sample_00121.png,5,5,1.0,1,1.0,03:48,228,5,False,False,False
rege_ood_noisy_blender_000122,noisy,images/sample_00122.png,5,5,1.0,1,1.0,10:55,655,5,False,False,False
rege_ood_noisy_blender_000123,noisy,images/sample_00123.png,5,5,1.0,1,1.0,09:16,556,5,False,False,False
rege_ood_noisy_blender_000124,noisy,images/sample_00124.png,5,5,1.0,1,1.0,08:17,497,5,False,False,False
rege_ood_noisy_blender_000125,noisy,images/sample_00125.png,5,5,1.0,2,0.6,10:25,625,3,False,False,False
rege_ood_noisy_blender_000126,noisy,images/sample_00126.png,5,5,1.0,1,1.0,10:05,605,5,False,False,False
rege_ood_noisy_blender_000127,noisy,images/sample_00127.png,5,0,0.0,0,0.0,,,0,False,False,False
rege_ood_noisy_blender_000128,noisy,images/sample_00128.png,5,5,1.0,3,0.6,02:15,135,3,False,False,False
rege_ood_noisy_blender_000129,noisy,images/sample_00129.png,5,5,1.0,1,1.0,10:05,605,5,False,False,False
rege_ood_noisy_blender_000130,noisy,images/sample_00130.png,5,5,1.0,3,0.4,08:42,522,2,False,False,False
rege_ood_noisy_blender_000131,noisy,images/sample_00131.png,5,5,1.0,1,1.0,10:00,600,5,True,True,True
rege_ood_noisy_blender_000132,noisy,images/sample_00132.png,5,5,1.0,2,0.8,03:01,181,4,False,False,False
rege_ood_noisy_blender_000133,noisy,images/sample_00133.png,5,5,1.0,1,1.0,09:05,545,5,False,False,False
rege_ood_noisy_blender_000134,noisy,images/sample_00134.png,5,5,1.0,2,0.8,08:15,495,4,False,False,False
rege_ood_noisy_blender_000135,noisy,images/sample_00135.png,5,5,1.0,1,1.0,11:14,674,5,False,False,False
rege_ood_noisy_blender_000136,noisy,images/sample_00136.png,5,5,1.0,4,0.4,09:00,540,2,False,False,False
rege_ood_noisy_blender_000137,noisy,images/sample_00137.png,5,2,0.4,1,1.0,04:45,285,2,False,False,False
rege_ood_noisy_blender_000138,noisy,images/sample_00138.png,5,5,1.0,3,0.6,07:13,433,3,False,False,False
rege_ood_noisy_blender_000139,noisy,images/sample_00139.png,5,2,0.4,1,1.0,06:26,386,2,False,True,True
rege_ood_noisy_blender_000140,noisy,images/sample_00140.png,5,5,1.0,1,1.0,10:00,600,5,False,False,False
rege_ood_noisy_blender_000141,noisy,images/sample_00141.png,5,1,0.2,1,1.0,11:33,693,1,False,True,True
rege_ood_noisy_blender_000142,noisy,images/sample_00142.png,5,5,1.0,1,1.0,04:26,266,5,False,False,False
rege_ood_noisy_blender_000143,noisy,images/sample_00143.png,5,5,1.0,1,1.0,09:15,555,5,False,False,False
rege_ood_noisy_blender_000144,noisy,images/sample_00144.png,5,0,0.0,0,0.0,,,0,False,False,False
rege_ood_noisy_blender_000145,noisy,images/sample_00145.png,5,5,1.0,1,1.0,01:09,69,5,False,True,True
rege_ood_noisy_blender_000146,noisy,images/sample_00146.png,5,4,0.8,1,1.0,06:25,385,4,False,False,False
rege_ood_noisy_blender_000147,noisy,images/sample_00147.png,5,5,1.0,1,1.0,02:10,130,5,False,False,False
rege_ood_noisy_blender_000148,noisy,images/sample_00148.png,5,5,1.0,1,1.0,10:45,645,5,False,False,False
rege_ood_noisy_blender_000149,noisy,images/sample_00149.png,5,0,0.0,0,0.0,,,0,False,False,False
rege_ood_noisy_blender_000150,noisy,images/sample_00150.png,5,5,1.0,2,0.8,09:04,544,4,False,False,False
rege_ood_noisy_blender_000151,noisy,images/sample_00151.png,5,5,1.0,3,0.6,10:48,648,3,False,False,False
rege_ood_noisy_blender_000152,noisy,images/sample_00152.png,5,5,1.0,1,1.0,07:38,458,5,False,False,False
rege_ood_noisy_blender_000153,noisy,images/sample_00153.png,5,4,0.8,2,0.75,12:37,37,3,False,False,False
rege_ood_noisy_blender_000154,noisy,images/sample_00154.png,5,5,1.0,3,0.6,03:04,184,3,False,False,False
rege_ood_noisy_blender_000155,noisy,images/sample_00155.png,5,5,1.0,1,1.0,06:30,390,5,False,False,False
rege_ood_noisy_blender_000156,noisy,images/sample_00156.png,5,5,1.0,1,1.0,10:17,617,5,False,False,False
rege_ood_noisy_blender_000157,noisy,images/sample_00157.png,5,5,1.0,1,1.0,07:27,447,5,False,False,False
rege_ood_noisy_blender_000158,noisy,images/sample_00158.png,5,5,1.0,1,1.0,07:45,465,5,False,False,False
rege_ood_noisy_blender_000159,noisy,images/sample_00159.png,5,2,0.4,1,1.0,03:15,195,2,False,False,False
rege_ood_noisy_blender_000160,noisy,images/sample_00160.png,5,0,0.0,0,0.0,,,0,False,False,False
rege_ood_noisy_blender_000161,noisy,images/sample_00161.png,5,3,0.6,1,1.0,03:20,200,3,False,False,False
rege_ood_noisy_blender_000162,noisy,images/sample_00162.png,5,5,1.0,1,1.0,07:37,457,5,False,False,False
rege_ood_noisy_blender_000163,noisy,images/sample_00163.png,5,5,1.0,2,0.6,02:16,136,3,False,False,False
rege_ood_noisy_blender_000164,noisy,images/sample_00164.png,5,5,1.0,3,0.6,02:07,127,3,True,True,True
rege_ood_noisy_blender_000165,noisy,images/sample_00165.png,5,0,0.0,0,0.0,,,0,False,False,False
rege_ood_noisy_blender_000166,noisy,images/sample_00166.png,5,1,0.2,1,1.0,04:42,282,1,False,False,False
rege_ood_noisy_blender_000167,noisy,images/sample_00167.png,5,5,1.0,1,1.0,11:20,680,5,False,False,False
rege_ood_noisy_blender_000168,noisy,images/sample_00168.png,5,5,1.0,2,0.8,11:01,661,4,False,False,False
rege_ood_noisy_blender_000169,noisy,images/sample_00169.png,5,0,0.0,0,0.0,,,0,False,False,False
rege_ood_noisy_blender_000170,noisy,images/sample_00170.png,5,0,0.0,0,0.0,,,0,False,False,False
rege_ood_noisy_blender_000171,noisy,images/sample_00171.png,5,5,1.0,2,0.8,08:24,504,4,False,False,False
rege_ood_noisy_blender_000172,noisy,images/sample_00172.png,5,5,1.0,3,0.4,10:00,600,2,False,False,False
rege_ood_noisy_blender_000173,noisy,images/sample_00173.png,5,5,1.0,1,1.0,12:53,53,5,False,False,False
rege_ood_noisy_blender_000174,noisy,images/sample_00174.png,5,5,1.0,2,0.8,12:15,15,4,False,False,False
rege_ood_noisy_blender_000175,noisy,images/sample_00175.png,5,3,0.6,2,0.6666666666666666,02:15,135,2,False,False,False
rege_ood_noisy_blender_000176,noisy,images/sample_00176.png,5,5,1.0,2,0.8,10:48,648,4,False,False,False
rege_ood_noisy_blender_000177,noisy,images/sample_00177.png,5,3,0.6,1,1.0,05:38,338,3,False,False,False
rege_ood_noisy_blender_000178,noisy,images/sample_00178.png,5,5,1.0,1,1.0,11:30,690,5,False,True,True
rege_ood_noisy_blender_000179,noisy,images/sample_00179.png,5,1,0.2,1,1.0,04:25,265,1,False,False,False
rege_ood_noisy_blender_000180,noisy,images/sample_00180.png,5,2,0.4,1,1.0,04:15,255,2,False,False,False
rege_ood_noisy_blender_000181,noisy,images/sample_00181.png,5,5,1.0,2,0.8,12:05,5,4,False,False,False
rege_ood_noisy_blender_000182,noisy,images/sample_00182.png,5,5,1.0,1,1.0,08:57,537,5,False,False,False
rege_ood_noisy_blender_000183,noisy,images/sample_00183.png,5,3,0.6,1,1.0,06:54,414,3,False,False,False
rege_ood_noisy_blender_000184,noisy,images/sample_00184.png,5,2,0.4,1,1.0,05:38,338,2,False,False,False
rege_ood_noisy_blender_000185,noisy,images/sample_00185.png,5,5,1.0,1,1.0,10:48,648,5,False,False,False
rege_ood_noisy_blender_000186,noisy,images/sample_00186.png,5,5,1.0,1,1.0,09:41,581,5,False,False,False
rege_ood_noisy_blender_000187,noisy,images/sample_00187.png,5,5,1.0,2,0.8,12:23,23,4,False,False,False
rege_ood_noisy_blender_000188,noisy,images/sample_00188.png,5,5,1.0,1,1.0,08:03,483,5,False,True,True
rege_ood_noisy_blender_000189,noisy,images/sample_00189.png,5,1,0.2,1,1.0,05:36,336,1,False,False,False
rege_ood_noisy_blender_000190,noisy,images/sample_00190.png,5,5,1.0,1,1.0,10:16,616,5,False,False,False
rege_ood_noisy_blender_000191,noisy,images/sample_00191.png,5,5,1.0,1,1.0,12:05,5,5,False,False,False
rege_ood_noisy_blender_000192,noisy,images/sample_00192.png,5,5,1.0,4,0.4,10:39,639,2,False,False,False
rege_ood_noisy_blender_000193,noisy,images/sample_00193.png,5,0,0.0,0,0.0,,,0,False,False,False
rege_ood_noisy_blender_000194,noisy,images/sample_00194.png,5,5,1.0,1,1.0,10:22,622,5,False,False,False
rege_ood_noisy_blender_000195,noisy,images/sample_00195.png,5,5,1.0,1,1.0,10:15,615,5,False,False,False
rege_ood_noisy_blender_000196,noisy,images/sample_00196.png,5,5,1.0,1,1.0,10:07,607,5,False,False,False
rege_ood_noisy_blender_000197,noisy,images/sample_00197.png,5,5,1.0,1,1.0,12:07,7,5,False,False,False
rege_ood_noisy_blender_000198,noisy,images/sample_00198.png,5,5,1.0,2,0.8,10:09,609,4,False,False,False
rege_ood_noisy_blender_000199,noisy,images/sample_00199.png,5,5,1.0,2,0.6,10:15,615,3,False,False,False
rege_ood_noisy_blender_000200,noisy,images/sample_00200.png,5,4,0.8,2,0.5,04:37,277,2,False,False,False
rege_ood_noisy_blender_000201,noisy,images/sample_00201.png,5,5,1.0,1,1.0,08:09,489,5,False,True,True
rege_ood_noisy_blender_000202,noisy,images/sample_00202.png,5,2,0.4,2,0.5,07:33,453,1,False,False,False
rege_ood_noisy_blender_000203,noisy,images/sample_00203.png,5,2,0.4,1,1.0,11:29,689,2,False,False,False
rege_ood_noisy_blender_000204,noisy,images/sample_00204.png,5,5,1.0,1,1.0,09:00,540,5,False,False,False
rege_ood_noisy_blender_000205,noisy,images/sample_00205.png,5,5,1.0,2,0.6,01:13,73,3,False,True,True
rege_ood_noisy_blender_000206,noisy,images/sample_00206.png,5,5,1.0,2,0.6,03:53,233,3,False,False,False
rege_ood_noisy_blender_000207,noisy,images/sample_00207.png,5,5,1.0,1,1.0,08:25,505,5,False,False,False
rege_ood_noisy_blender_000208,noisy,images/sample_00208.png,5,5,1.0,1,1.0,07:18,438,5,False,False,False
rege_ood_noisy_blender_000209,noisy,images/sample_00209.png,5,5,1.0,1,1.0,10:20,620,5,False,False,False
rege_ood_noisy_blender_000210,noisy,images/sample_00210.png,5,5,1.0,2,0.6,10:07,607,3,False,False,False
rege_ood_noisy_blender_000211,noisy,images/sample_00211.png,5,4,0.8,1,1.0,07:13,433,4,False,False,False
rege_ood_noisy_blender_000212,noisy,images/sample_00212.png,5,2,0.4,1,1.0,04:20,260,2,False,False,False
rege_ood_noisy_blender_000213,noisy,images/sample_00213.png,5,5,1.0,1,1.0,03:08,188,5,False,False,False
rege_ood_noisy_blender_000214,noisy,images/sample_00214.png,5,5,1.0,2,0.6,10:08,608,3,False,False,False
rege_ood_noisy_blender_000215,noisy,images/sample_00215.png,5,0,0.0,0,0.0,,,0,False,False,False
rege_ood_noisy_blender_000216,noisy,images/sample_00216.png,5,5,1.0,1,1.0,10:48,648,5,False,False,False
rege_ood_noisy_blender_000217,noisy,images/sample_00217.png,5,0,0.0,0,0.0,,,0,False,False,False
rege_ood_noisy_blender_000218,noisy,images/sample_00218.png,5,5,1.0,1,1.0,10:16,616,5,False,False,False
rege_ood_noisy_blender_000219,noisy,images/sample_00219.png,5,5,1.0,1,1.0,10:45,645,5,False,False,False
rege_ood_noisy_blender_000220,noisy,images/sample_00220.png,5,0,0.0,0,0.0,,,0,False,False,False
rege_ood_noisy_blender_000221,noisy,images/sample_00221.png,5,0,0.0,0,0.0,,,0,False,False,False
rege_ood_noisy_blender_000222,noisy,images/sample_00222.png,5,3,0.6,1,1.0,04:19,259,3,False,False,False
rege_ood_noisy_blender_000223,noisy,images/sample_00223.png,5,5,1.0,1,1.0,08:40,520,5,False,False,False
rege_ood_noisy_blender_000224,noisy,images/sample_00224.png,5,1,0.2,1,1.0,04:23,263,1,False,False,False
rege_ood_noisy_blender_000225,noisy,images/sample_00225.png,5,5,1.0,1,1.0,10:25,625,5,False,False,False
rege_ood_noisy_blender_000226,noisy,images/sample_00226.png,5,5,1.0,1,1.0,09:30,570,5,False,False,True
rege_ood_noisy_blender_000227,noisy,images/sample_00227.png,5,1,0.2,1,1.0,12:05,5,1,False,False,False
rege_ood_noisy_blender_000228,noisy,images/sample_00228.png,5,5,1.0,2,0.6,02:37,157,3,False,False,False
rege_ood_noisy_blender_000229,noisy,images/sample_00229.png,5,4,0.8,2,0.75,07:20,440,3,False,False,False
rege_ood_noisy_blender_000230,noisy,images/sample_00230.png,5,0,0.0,0,0.0,,,0,False,False,False
rege_ood_noisy_blender_000231,noisy,images/sample_00231.png,5,5,1.0,1,1.0,01:43,103,5,False,False,False
rege_ood_noisy_blender_000232,noisy,images/sample_00232.png,5,5,1.0,3,0.4,02:18,138,2,False,False,False
rege_ood_noisy_blender_000233,noisy,images/sample_00233.png,5,5,1.0,2,0.8,01:53,113,4,False,False,False
rege_ood_noisy_blender_000234,noisy,images/sample_00234.png,5,0,0.0,0,0.0,,,0,False,False,False
rege_ood_noisy_blender_000235,noisy,images/sample_00235.png,5,5,1.0,1,1.0,10:42,642,5,False,False,False
rege_ood_noisy_blender_000236,noisy,images/sample_00236.png,5,5,1.0,1,1.0,02:25,145,5,False,False,False
rege_ood_noisy_blender_000237,noisy,images/sample_00237.png,5,5,1.0,2,0.6,01:00,60,3,False,False,False
rege_ood_noisy_blender_000238,noisy,images/sample_00238.png,5,5,1.0,1,1.0,10:16,616,5,False,False,True
rege_ood_noisy_blender_000239,noisy,images/sample_00239.png,5,5,1.0,2,0.6,12:08,8,3,False,False,False
rege_ood_noisy_blender_000240,noisy,images/sample_00240.png,5,0,0.0,0,0.0,,,0,False,False,False
rege_ood_noisy_blender_000241,noisy,images/sample_00241.png,5,5,1.0,3,0.4,07:05,425,2,False,False,False
rege_ood_noisy_blender_000242,noisy,images/sample_00242.png,5,5,1.0,2,0.6,01:00,60,3,False,True,True
rege_ood_noisy_blender_000243,noisy,images/sample_00243.png,5,5,1.0,2,0.8,12:29,29,4,False,False,True
rege_ood_noisy_blender_000244,noisy,images/sample_00244.png,5,5,1.0,1,1.0,03:47,227,5,False,False,False
rege_ood_noisy_blender_000245,noisy,images/sample_00245.png,5,2,0.4,1,1.0,04:32,272,2,False,False,False
rege_ood_noisy_blender_000246,noisy,images/sample_00246.png,5,2,0.4,1,1.0,03:17,197,2,False,False,False
rege_ood_noisy_blender_000247,noisy,images/sample_00247.png,5,0,0.0,0,0.0,,,0,False,False,False
rege_ood_noisy_blender_000248,noisy,images/sample_00248.png,5,5,1.0,1,1.0,11:01,661,5,False,False,False
rege_ood_noisy_blender_000249,noisy,images/sample_00249.png,5,5,1.0,1,1.0,10:20,620,5,False,False,False
rege_ood_noisy_blender_000250,noisy,images/sample_00250.png,5,2,0.4,1,1.0,07:25,445,2,False,False,False
rege_ood_noisy_blender_000251,noisy,images/sample_00251.png,5,5,1.0,1,1.0,09:00,540,5,False,False,False
rege_ood_noisy_blender_000252,noisy,images/sample_00252.png,5,5,1.0,2,0.8,10:15,615,4,False,False,False
rege_ood_noisy_blender_000253,noisy,images/sample_00253.png,5,5,1.0,1,1.0,07:20,440,5,False,False,False
rege_ood_noisy_blender_000254,noisy,images/sample_00254.png,5,4,0.8,1,1.0,12:38,38,4,False,False,False
rege_ood_noisy_blender_000255,noisy,images/sample_00255.png,5,5,1.0,1,1.0,07:38,458,5,False,False,False
rege_ood_noisy_blender_000256,noisy,images/sample_00256.png,5,5,1.0,5,0.2,08:08,488,1,False,False,False
rege_ood_noisy_blender_000257,noisy,images/sample_00257.png,5,5,1.0,1,1.0,07:47,467,5,False,False,False
rege_ood_noisy_blender_000258,noisy,images/sample_00258.png,5,5,1.0,2,0.6,10:23,623,3,False,False,False
rege_ood_noisy_blender_000259,noisy,images/sample_00259.png,5,5,1.0,1,1.0,12:29,29,5,False,False,False
rege_ood_noisy_blender_000260,noisy,images/sample_00260.png,5,5,1.0,2,0.8,01:14,74,4,False,False,False
rege_ood_noisy_blender_000261,noisy,images/sample_00261.png,5,5,1.0,1,1.0,02:04,124,5,False,False,False
rege_ood_noisy_blender_000262,noisy,images/sample_00262.png,5,5,1.0,4,0.4,07:12,432,2,False,False,False
rege_ood_noisy_blender_000263,noisy,images/sample_00263.png,5,5,1.0,1,1.0,03:44,224,5,False,False,False
rege_ood_noisy_blender_000264,noisy,images/sample_00264.png,5,5,1.0,1,1.0,09:45,585,5,False,False,False
rege_ood_noisy_blender_000265,noisy,images/sample_00265.png,5,5,1.0,2,0.8,10:15,615,4,True,True,True
rege_ood_noisy_blender_000266,noisy,images/sample_00266.png,5,5,1.0,1,1.0,11:36,696,5,False,False,False
rege_ood_noisy_blender_000267,noisy,images/sample_00267.png,5,5,1.0,1,1.0,02:26,146,5,False,False,False
rege_ood_noisy_blender_000268,noisy,images/sample_00268.png,5,5,1.0,2,0.6,02:10,130,3,False,False,False
rege_ood_noisy_blender_000269,noisy,images/sample_00269.png,5,5,1.0,2,0.6,08:05,485,3,False,False,True
rege_ood_noisy_blender_000270,noisy,images/sample_00270.png,5,5,1.0,3,0.4,09:00,40,2,False,False,True
rege_ood_noisy_blender_000271,noisy,images/sample_00271.png,5,0,0.0,0,0.0,,,0,False,False,False
rege_ood_noisy_blender_000272,noisy,images/sample_00272.png,5,5,1.0,2,0.8,07:15,435,4,False,False,False
rege_ood_noisy_blender_000273,noisy,images/sample_00273.png,5,5,1.0,1,1.0,07:39,459,5,False,False,False
rege_ood_noisy_blender_000274,noisy,images/sample_00274.png,5,5,1.0,1,1.0,12:01,1,5,False,False,True
rege_ood_noisy_blender_000275,noisy,images/sample_00275.png,5,5,1.0,2,0.8,09:42,582,4,False,True,True
rege_ood_noisy_blender_000276,noisy,images/sample_00276.png,5,5,1.0,2,0.8,09:45,585,4,False,False,False
rege_ood_noisy_blender_000277,noisy,images/sample_00277.png,5,5,1.0,2,0.6,03:15,195,3,False,False,False
rege_ood_noisy_blender_000278,noisy,images/sample_00278.png,5,5,1.0,2,0.8,07:38,458,4,False,False,False
rege_ood_noisy_blender_000279,noisy,images/sample_00279.png,5,5,1.0,1,1.0,09:47,587,5,False,False,False
rege_ood_noisy_blender_000280,noisy,images/sample_00280.png,5,5,1.0,2,0.6,10:18,618,3,False,False,False
rege_ood_noisy_blender_000281,noisy,images/sample_00281.png,5,5,1.0,2,0.6,10:21,621,3,False,False,False
rege_ood_noisy_blender_000282,noisy,images/sample_00282.png,5,5,1.0,1,1.0,07:12,432,5,False,False,False
rege_ood_noisy_blender_000283,noisy,images/sample_00283.png,5,5,1.0,3,0.6,09:33,573,3,False,False,False
rege_ood_noisy_blender_000284,noisy,images/sample_00284.png,5,5,1.0,2,0.6,10:09,609,3,False,False,False
rege_ood_noisy_blender_000285,noisy,images/sample_00285.png,5,5,1.0,1,1.0,07:11,431,5,False,False,False
rege_ood_noisy_blender_000286,noisy,images/sample_00286.png,5,0,0.0,0,0.0,,,0,False,False,False
rege_ood_noisy_blender_000287,noisy,images/sample_00287.png,5,5,1.0,1,1.0,10:45,645,5,False,False,False
rege_ood_noisy_blender_000288,noisy,images/sample_00288.png,5,5,1.0,2,0.6,03:46,226,3,False,False,False
rege_ood_noisy_blender_000289,noisy,images/sample_00289.png,5,5,1.0,1,1.0,09:12,552,5,False,False,False
rege_ood_noisy_blender_000290,noisy,images/sample_00290.png,5,5,1.0,4,0.4,03:14,194,2,False,False,False
rege_ood_noisy_blender_000291,noisy,images/sample_00291.png,5,4,0.8,1,1.0,12:29,29,4,False,True,True
rege_ood_noisy_blender_000292,noisy,images/sample_00292.png,5,5,1.0,1,1.0,07:41,461,5,False,False,False
rege_ood_noisy_blender_000293,noisy,images/sample_00293.png,5,1,0.2,1,1.0,04:16,256,1,False,False,False
rege_ood_noisy_blender_000294,noisy,images/sample_00294.png,5,4,0.8,1,1.0,03:00,180,4,False,False,False
rege_ood_noisy_blender_000295,noisy,images/sample_00295.png,5,5,1.0,2,0.6,11:38,698,3,False,False,False
rege_ood_noisy_blender_000296,noisy,images/sample_00296.png,5,5,1.0,2,0.6,07:15,435,3,False,False,False
rege_ood_noisy_blender_000297,noisy,images/sample_00297.png,5,5,1.0,1,1.0,07:55,475,5,False,False,False
rege_ood_noisy_blender_000298,noisy,images/sample_00298.png,5,5,1.0,1,1.0,04:14,254,5,False,False,True
rege_ood_noisy_blender_000299,noisy,images/sample_00299.png,5,5,1.0,1,1.0,10:39,639,5,False,False,True
rege_ood_noisy_blender_000300,noisy,images/sample_00300.png,5,5,1.0,1,1.0,07:52,472,5,False,True,True
rege_ood_noisy_blender_000301,noisy,images/sample_00301.png,5,5,1.0,4,0.4,08:47,527,2,False,False,False
rege_ood_noisy_blender_000302,noisy,images/sample_00302.png,5,5,1.0,1,1.0,07:23,443,5,False,False,False
rege_ood_noisy_blender_000303,noisy,images/sample_00303.png,5,2,0.4,1,1.0,04:42,282,2,True,True,True
rege_ood_noisy_blender_000304,noisy,images/sample_00304.png,5,5,1.0,1,1.0,10:35,635,5,False,False,False
rege_ood_noisy_blender_000305,noisy,images/sample_00305.png,5,5,1.0,1,1.0,07:40,460,5,False,False,False
rege_ood_noisy_blender_000306,noisy,images/sample_00306.png,5,5,1.0,1,1.0,03:44,224,5,False,False,False
rege_ood_noisy_blender_000307,noisy,images/sample_00307.png,5,5,1.0,1,1.0,11:53,713,5,False,False,False
rege_ood_noisy_blender_000308,noisy,images/sample_00308.png,5,0,0.0,0,0.0,,,0,False,False,False
rege_ood_noisy_blender_000309,noisy,images/sample_00309.png,5,5,1.0,2,0.8,12:08,8,4,False,False,False
rege_ood_noisy_blender_000310,noisy,images/sample_00310.png,5,5,1.0,1,1.0,01:29,89,5,False,False,False
rege_ood_noisy_blender_000311,noisy,images/sample_00311.png,5,1,0.2,1,1.0,01:28,88,1,True,True,True
rege_ood_noisy_blender_000312,noisy,images/sample_00312.png,5,5,1.0,3,0.4,04:10,250,2,False,False,False
rege_ood_noisy_blender_000313,noisy,images/sample_00313.png,5,3,0.6,2,0.6666666666666666,06:53,413,2,False,False,False
rege_ood_noisy_blender_000314,noisy,images/sample_00314.png,5,2,0.4,1,1.0,03:37,217,2,False,False,False
rege_ood_noisy_blender_000315,noisy,images/sample_00315.png,5,5,1.0,1,1.0,07:48,468,5,False,False,False
rege_ood_noisy_blender_000316,noisy,images/sample_00316.png,5,5,1.0,2,0.8,10:52,652,4,False,False,False
rege_ood_noisy_blender_000317,noisy,images/sample_00317.png,5,5,1.0,1,1.0,09:19,559,5,False,False,False
rege_ood_noisy_blender_000318,noisy,images/sample_00318.png,5,5,1.0,1,1.0,02:28,148,5,False,False,False
rege_ood_noisy_blender_000319,noisy,images/sample_00319.png,5,5,1.0,2,0.6,10:33,633,3,False,False,False
rege_ood_noisy_blender_000320,noisy,images/sample_00320.png,5,5,1.0,2,0.8,07:40,460,4,False,False,False
rege_ood_noisy_blender_000321,noisy,images/sample_00321.png,5,5,1.0,1,1.0,12:01,1,5,False,False,False
rege_ood_noisy_blender_000322,noisy,images/sample_00322.png,5,3,0.6,2,0.6666666666666666,03:19,199,2,False,False,False
rege_ood_noisy_blender_000323,noisy,images/sample_00323.png,5,0,0.0,0,0.0,,,0,False,False,False
rege_ood_noisy_blender_000324,noisy,images/sample_00324.png,5,5,1.0,1,1.0,10:17,617,5,False,False,False
rege_ood_noisy_blender_000325,noisy,images/sample_00325.png,5,5,1.0,1,1.0,07:36,456,5,False,False,False
rege_ood_noisy_blender_000326,noisy,images/sample_00326.png,5,2,0.4,1,1.0,08:24,504,2,False,False,False
rege_ood_noisy_blender_000327,noisy,images/sample_00327.png,5,2,0.4,1,1.0,01:31,91,2,False,False,False
rege_ood_noisy_blender_000328,noisy,images/sample_00328.png,5,5,1.0,2,0.8,07:08,428,4,False,False,False
rege_ood_noisy_blender_000329,noisy,images/sample_00329.png,5,5,1.0,4,0.4,10:45,645,2,False,False,False
rege_ood_noisy_blender_000330,noisy,images/sample_00330.png,5,5,1.0,2,0.8,02:45,165,4,False,False,False
rege_ood_noisy_blender_000331,noisy,images/sample_00331.png,5,5,1.0,1,1.0,10:24,624,5,False,False,False
rege_ood_noisy_blender_000332,noisy,images/sample_00332.png,5,5,1.0,2,0.8,11:18,678,4,False,False,True
rege_ood_noisy_blender_000333,noisy,images/sample_00333.png,5,3,0.6,1,1.0,04:20,260,3,False,False,False
rege_ood_noisy_blender_000334,noisy,images/sample_00334.png,5,5,1.0,1,1.0,10:10,610,5,False,True,True
rege_ood_noisy_blender_000335,noisy,images/sample_00335.png,5,5,1.0,1,1.0,07:45,465,5,False,False,False
rege_ood_noisy_blender_000336,noisy,images/sample_00336.png,5,5,1.0,2,0.8,12:15,15,4,False,False,False
rege_ood_noisy_blender_000337,noisy,images/sample_00337.png,5,5,1.0,1,1.0,11:13,673,5,False,False,False
rege_ood_noisy_blender_000338,noisy,images/sample_00338.png,5,4,0.8,2,0.75,04:46,286,3,False,True,True
rege_ood_noisy_blender_000339,noisy,images/sample_00339.png,5,5,1.0,1,1.0,08:03,483,5,False,False,False
rege_ood_noisy_blender_000340,noisy,images/sample_00340.png,5,5,1.0,1,1.0,12:17,17,5,False,False,False
rege_ood_noisy_blender_000341,noisy,images/sample_00341.png,5,5,1.0,2,0.8,10:05,605,4,False,False,False
rege_ood_noisy_blender_000342,noisy,images/sample_00342.png,5,5,1.0,1,1.0,09:16,556,5,False,False,False
rege_ood_noisy_blender_000343,noisy,images/sample_00343.png,5,4,0.8,2,0.75,01:56,116,3,False,False,True
rege_ood_noisy_blender_000344,noisy,images/sample_00344.png,5,4,0.8,2,0.75,07:56,476,3,False,False,False
rege_ood_noisy_blender_000345,noisy,images/sample_00345.png,5,1,0.2,1,1.0,12:32,32,1,False,False,True
rege_ood_noisy_blender_000346,noisy,images/sample_00346.png,5,1,0.2,1,1.0,09:28,568,1,False,False,False
rege_ood_noisy_blender_000347,noisy,images/sample_00347.png,5,5,1.0,1,1.0,11:47,707,5,False,False,False
rege_ood_noisy_blender_000348,noisy,images/sample_00348.png,5,5,1.0,1,1.0,07:20,440,5,False,False,True
rege_ood_noisy_blender_000349,noisy,images/sample_00349.png,5,3,0.6,1,1.0,04:27,267,3,False,False,False
rege_ood_noisy_blender_000350,noisy,images/sample_00350.png,5,5,1.0,1,1.0,07:46,466,5,False,False,False
rege_ood_noisy_blender_000351,noisy,images/sample_00351.png,5,5,1.0,2,0.6,09:20,560,3,False,False,False
rege_ood_noisy_blender_000352,noisy,images/sample_00352.png,5,1,0.2,1,1.0,04:21,261,1,False,False,False
rege_ood_noisy_blender_000353,noisy,images/sample_00353.png,5,5,1.0,1,1.0,09:45,585,5,False,False,False
rege_ood_noisy_blender_000354,noisy,images/sample_00354.png,5,5,1.0,4,0.4,10:15,615,2,False,False,False
rege_ood_noisy_blender_000355,noisy,images/sample_00355.png,5,5,1.0,2,0.8,08:12,492,4,False,False,False
rege_ood_noisy_blender_000356,noisy,images/sample_00356.png,5,5,1.0,2,0.6,09:45,585,3,False,False,False
rege_ood_noisy_blender_000357,noisy,images/sample_00357.png,5,5,1.0,2,0.6,09:50,590,3,False,True,True
rege_ood_noisy_blender_000358,noisy,images/sample_00358.png,5,5,1.0,1,1.0,11:13,673,5,False,False,False
rege_ood_noisy_blender_000359,noisy,images/sample_00359.png,5,5,1.0,2,0.6,07:15,435,3,False,False,False
rege_ood_noisy_blender_000360,noisy,images/sample_00360.png,5,5,1.0,1,1.0,03:36,216,5,False,False,False
rege_ood_noisy_blender_000361,noisy,images/sample_00361.png,5,5,1.0,2,0.6,10:09,609,3,False,False,False
rege_ood_noisy_blender_000362,noisy,images/sample_00362.png,5,5,1.0,3,0.4,03:45,225,2,False,False,False
rege_ood_noisy_blender_000363,noisy,images/sample_00363.png,5,5,1.0,1,1.0,10:17,617,5,False,False,False
rege_ood_noisy_blender_000364,noisy,images/sample_00364.png,5,3,0.6,3,0.3333333333333333,12:00,0,1,False,False,False
rege_ood_noisy_blender_000365,noisy,images/sample_00365.png,5,2,0.4,1,1.0,03:30,210,2,True,True,True
rege_ood_noisy_blender_000366,noisy,images/sample_00366.png,5,4,0.8,3,0.5,09:58,598,2,False,False,False
rege_ood_noisy_blender_000367,noisy,images/sample_00367.png,5,5,1.0,1,1.0,11:59,719,5,False,False,False
rege_ood_noisy_blender_000368,noisy,images/sample_00368.png,5,5,1.0,1,1.0,07:55,475,5,False,False,False
rege_ood_noisy_blender_000369,noisy,images/sample_00369.png,5,5,1.0,3,0.6,11:09,669,3,False,False,False
rege_ood_noisy_blender_000370,noisy,images/sample_00370.png,5,2,0.4,1,1.0,06:45,405,2,False,False,False
rege_ood_noisy_blender_000371,noisy,images/sample_00371.png,5,0,0.0,0,0.0,,,0,False,False,False
rege_ood_noisy_blender_000372,noisy,images/sample_00372.png,5,5,1.0,2,0.6,10:59,659,3,False,False,False
rege_ood_noisy_blender_000373,noisy,images/sample_00373.png,5,5,1.0,1,1.0,06:41,401,5,False,False,False
rege_ood_noisy_blender_000374,noisy,images/sample_00374.png,5,0,0.0,0,0.0,,,0,False,False,False
rege_ood_noisy_blender_000375,noisy,images/sample_00375.png,5,5,1.0,1,1.0,12:19,19,5,False,False,False
rege_ood_noisy_blender_000376,noisy,images/sample_00376.png,5,5,1.0,1,1.0,10:53,653,5,False,False,False
rege_ood_noisy_blender_000377,noisy,images/sample_00377.png,5,5,1.0,1,1.0,10:43,643,5,False,False,False
rege_ood_noisy_blender_000378,noisy,images/sample_00378.png,5,5,1.0,1,1.0,07:27,447,5,False,False,False
rege_ood_noisy_blender_000379,noisy,images/sample_00379.png,5,2,0.4,1,1.0,12:30,30,2,False,False,False
rege_ood_noisy_blender_000380,noisy,images/sample_00380.png,5,5,1.0,1,1.0,11:49,709,5,False,True,True
rege_ood_noisy_blender_000381,noisy,images/sample_00381.png,5,5,1.0,1,1.0,04:05,245,5,False,False,False
rege_ood_noisy_blender_000382,noisy,images/sample_00382.png,5,5,1.0,1,1.0,07:19,439,5,False,False,False
rege_ood_noisy_blender_000383,noisy,images/sample_00383.png,5,4,0.8,4,0.25,08:42,522,1,False,False,False
rege_ood_noisy_blender_000384,noisy,images/sample_00384.png,5,5,1.0,2,0.8,02:07,127,4,False,False,False
rege_ood_noisy_blender_000385,noisy,images/sample_00385.png,5,3,0.6,1,1.0,07:44,464,3,False,False,False
rege_ood_noisy_blender_000386,noisy,images/sample_00386.png,5,5,1.0,1,1.0,07:38,458,5,False,False,False
rege_ood_noisy_blender_000387,noisy,images/sample_00387.png,5,3,0.6,1,1.0,07:18,438,3,False,False,False
rege_ood_noisy_blender_000388,noisy,images/sample_00388.png,5,5,1.0,2,0.6,08:43,523,3,False,False,False
rege_ood_noisy_blender_000389,noisy,images/sample_00389.png,5,5,1.0,1,1.0,10:45,645,5,False,False,False
rege_ood_noisy_blender_000390,noisy,images/sample_00390.png,5,5,1.0,1,1.0,10:28,628,5,False,True,True
rege_ood_noisy_blender_000391,noisy,images/sample_00391.png,5,5,1.0,1,1.0,12:17,17,5,False,False,False
rege_ood_noisy_blender_000392,noisy,images/sample_00392.png,5,5,1.0,1,1.0,11:03,663,5,False,False,False
rege_ood_noisy_blender_000393,noisy,images/sample_00393.png,5,5,1.0,1,1.0,02:16,136,5,False,False,False
rege_ood_noisy_blender_000394,noisy,images/sample_00394.png,5,5,1.0,1,1.0,10:15,615,5,False,False,False
rege_ood_noisy_blender_000395,noisy,images/sample_00395.png,5,1,0.2,1,1.0,05:32,332,1,False,False,False
rege_ood_noisy_blender_000396,noisy,images/sample_00396.png,5,5,1.0,3,0.4,10:07,607,2,False,False,False
rege_ood_noisy_blender_000397,noisy,images/sample_00397.png,5,5,1.0,1,1.0,08:50,530,5,False,False,False
rege_ood_noisy_blender_000398,noisy,images/sample_00398.png,5,2,0.4,1,1.0,07:37,457,2,False,False,False
rege_ood_noisy_blender_000399,noisy,images/sample_00399.png,5,5,1.0,2,0.8,07:00,420,4,False,False,False
rege_ood_noisy_blender_000400,noisy,images/sample_00400.png,5,5,1.0,1,1.0,09:00,540,5,False,False,False
rege_ood_noisy_blender_000401,noisy,images/sample_00401.png,5,5,1.0,2,0.6,12:40,40,3,False,False,False
rege_ood_noisy_blender_000402,noisy,images/sample_00402.png,5,3,0.6,2,0.6666666666666666,03:38,218,2,False,False,False
rege_ood_noisy_blender_000403,noisy,images/sample_00403.png,5,5,1.0,1,1.0,07:36,456,5,False,False,False
rege_ood_noisy_blender_000404,noisy,images/sample_00404.png,5,5,1.0,3,0.6,07:48,468,3,False,False,False
rege_ood_noisy_blender_000405,noisy,images/sample_00405.png,5,5,1.0,1,1.0,07:37,457,5,False,False,False
rege_ood_noisy_blender_000406,noisy,images/sample_00406.png,5,0,0.0,0,0.0,,,0,False,False,False
rege_ood_noisy_blender_000407,noisy,images/sample_00407.png,5,1,0.2,1,1.0,01:18,78,1,False,False,False
rege_ood_noisy_blender_000408,noisy,images/sample_00408.png,5,0,0.0,0,0.0,,,0,False,False,False
rege_ood_noisy_blender_000409,noisy,images/sample_00409.png,5,5,1.0,1,1.0,07:47,467,5,False,False,False
rege_ood_noisy_blender_000410,noisy,images/sample_00410.png,5,3,0.6,1,1.0,12:39,39,3,False,True,True
rege_ood_noisy_blender_000411,noisy,images/sample_00411.png,5,0,0.0,0,0.0,,,0,False,False,False
rege_ood_noisy_blender_000412,noisy,images/sample_00412.png,5,5,1.0,1,1.0,09:15,555,5,False,False,False
rege_ood_noisy_blender_000413,noisy,images/sample_00413.png,5,5,1.0,1,1.0,04:40,280,5,False,False,True
rege_ood_noisy_blender_000414,noisy,images/sample_00414.png,5,5,1.0,2,0.8,09:37,577,4,False,False,False
rege_ood_noisy_blender_000415,noisy,images/sample_00415.png,5,0,0.0,0,0.0,,,0,False,False,False
rege_ood_noisy_blender_000416,noisy,images/sample_00416.png,5,5,1.0,2,0.8,10:44,644,4,False,False,True
rege_ood_noisy_blender_000417,noisy,images/sample_00417.png,5,5,1.0,1,1.0,03:14,194,5,False,False,True
rege_ood_noisy_blender_000418,noisy,images/sample_00418.png,5,0,0.0,0,0.0,,,0,False,False,False
rege_ood_noisy_blender_000419,noisy,images/sample_00419.png,5,5,1.0,1,1.0,04:45,285,5,False,False,False
rege_ood_noisy_blender_000420,noisy,images/sample_00420.png,5,5,1.0,1,1.0,07:18,438,5,False,False,False
rege_ood_noisy_blender_000421,noisy,images/sample_00421.png,5,5,1.0,1,1.0,06:05,365,5,False,False,False
rege_ood_noisy_blender_000422,noisy,images/sample_00422.png,5,5,1.0,1,1.0,12:00,0,5,False,False,False
rege_ood_noisy_blender_000423,noisy,images/sample_00423.png,5,5,1.0,1,1.0,11:22,682,5,True,True,True
rege_ood_noisy_blender_000424,noisy,images/sample_00424.png,5,4,0.8,1,1.0,07:16,436,4,False,False,False
rege_ood_noisy_blender_000425,noisy,images/sample_00425.png,5,5,1.0,4,0.4,10:19,619,2,False,False,False
rege_ood_noisy_blender_000426,noisy,images/sample_00426.png,5,5,1.0,2,0.8,11:41,701,4,False,False,False
rege_ood_noisy_blender_000427,noisy,images/sample_00427.png,5,4,0.8,2,0.75,04:55,295,3,False,False,False
rege_ood_noisy_blender_000428,noisy,images/sample_00428.png,5,5,1.0,2,0.8,12:12,12,4,False,False,False
rege_ood_noisy_blender_000429,noisy,images/sample_00429.png,5,5,1.0,2,0.6,10:51,651,3,False,False,False
rege_ood_noisy_blender_000430,noisy,images/sample_00430.png,5,5,1.0,1,1.0,10:50,650,5,False,False,False
rege_ood_noisy_blender_000431,noisy,images/sample_00431.png,5,5,1.0,2,0.6,10:55,655,3,False,False,False
rege_ood_noisy_blender_000432,noisy,images/sample_00432.png,5,5,1.0,1,1.0,09:24,564,5,False,False,True
rege_ood_noisy_blender_000433,noisy,images/sample_00433.png,5,0,0.0,0,0.0,,,0,False,False,False
rege_ood_noisy_blender_000434,noisy,images/sample_00434.png,5,4,0.8,1,1.0,04:46,286,4,False,False,False
rege_ood_noisy_blender_000435,noisy,images/sample_00435.png,5,5,1.0,1,1.0,04:37,277,5,False,False,False
rege_ood_noisy_blender_000436,noisy,images/sample_00436.png,5,2,0.4,1,1.0,09:26,566,2,False,False,False
rege_ood_noisy_blender_000437,noisy,images/sample_00437.png,5,5,1.0,2,0.8,01:20,80,4,False,False,False
rege_ood_noisy_blender_000438,noisy,images/sample_00438.png,5,0,0.0,0,0.0,,,0,False,False,False
rege_ood_noisy_blender_000439,noisy,images/sample_00439.png,5,4,0.8,1,1.0,03:47,227,4,False,False,False
rege_ood_noisy_blender_000440,noisy,images/sample_00440.png,5,5,1.0,1,1.0,09:18,558,5,False,False,True
rege_ood_noisy_blender_000441,noisy,images/sample_00441.png,5,5,1.0,2,0.6,07:38,458,3,False,False,False
rege_ood_noisy_blender_000442,noisy,images/sample_00442.png,5,5,1.0,4,0.4,10:00,600,2,False,False,False
rege_ood_noisy_blender_000443,noisy,images/sample_00443.png,5,5,1.0,1,1.0,10:15,615,5,False,False,False
rege_ood_noisy_blender_000444,noisy,images/sample_00444.png,5,4,0.8,1,1.0,04:23,263,4,False,False,False
rege_ood_noisy_blender_000445,noisy,images/sample_00445.png,5,2,0.4,2,0.5,06:14,374,1,False,False,False
rege_ood_noisy_blender_000446,noisy,images/sample_00446.png,5,5,1.0,1,1.0,09:00,540,5,False,False,False
rege_ood_noisy_blender_000447,noisy,images/sample_00447.png,5,5,1.0,1,1.0,01:47,107,5,False,False,False
rege_ood_noisy_blender_000448,noisy,images/sample_00448.png,5,5,1.0,1,1.0,09:47,587,5,False,False,False
rege_ood_noisy_blender_000449,noisy,images/sample_00449.png,5,5,1.0,2,0.6,01:40,100,3,False,False,False
rege_ood_noisy_blender_000450,noisy,images/sample_00450.png,5,4,0.8,1,1.0,03:22,202,4,False,True,True
rege_ood_noisy_blender_000451,noisy,images/sample_00451.png,5,5,1.0,2,0.6,10:07,607,3,False,False,False
rege_ood_noisy_blender_000452,noisy,images/sample_00452.png,5,5,1.0,1,1.0,08:42,522,5,False,False,False
rege_ood_noisy_blender_000453,noisy,images/sample_00453.png,5,5,1.0,1,1.0,07:57,477,5,False,False,False
rege_ood_noisy_blender_000454,noisy,images/sample_00454.png,5,5,1.0,1,1.0,11:38,698,5,False,False,False
rege_ood_noisy_blender_000455,noisy,images/sample_00455.png,5,5,1.0,1,1.0,08:13,493,5,False,False,True
rege_ood_noisy_blender_000456,noisy,images/sample_00456.png,5,5,1.0,1,1.0,07:22,442,5,False,False,False
rege_ood_noisy_blender_000457,noisy,images/sample_00457.png,5,0,0.0,0,0.0,,,0,False,False,False
rege_ood_noisy_blender_000458,noisy,images/sample_00458.png,5,1,0.2,1,1.0,06:46,406,1,False,False,False
rege_ood_noisy_blender_000459,noisy,images/sample_00459.png,5,5,1.0,2,0.8,09:48,588,4,False,False,False
rege_ood_noisy_blender_000460,noisy,images/sample_00460.png,5,5,1.0,1,1.0,02:18,138,5,True,True,True
rege_ood_noisy_blender_000461,noisy,images/sample_00461.png,5,3,0.6,3,0.3333333333333333,02:47,167,1,False,False,False
rege_ood_noisy_blender_000462,noisy,images/sample_00462.png,5,5,1.0,3,0.4,10:05,605,2,False,False,False
rege_ood_noisy_blender_000463,noisy,images/sample_00463.png,5,5,1.0,2,0.8,10:55,655,4,False,False,False
rege_ood_noisy_blender_000464,noisy,images/sample_00464.png,5,5,1.0,1,1.0,08:16,496,5,False,False,False
rege_ood_noisy_blender_000465,noisy,images/sample_00465.png,5,5,1.0,1,1.0,08:20,500,5,False,False,False
rege_ood_noisy_blender_000466,noisy,images/sample_00466.png,5,5,1.0,1,1.0,08:42,522,5,False,False,False
rege_ood_noisy_blender_000467,noisy,images/sample_00467.png,5,3,0.6,1,1.0,06:39,399,3,False,False,True
rege_ood_noisy_blender_000468,noisy,images/sample_00468.png,5,2,0.4,1,1.0,03:20,200,2,False,True,True
rege_ood_noisy_blender_000469,noisy,images/sample_00469.png,5,5,1.0,1,1.0,09:15,555,5,False,False,False
rege_ood_noisy_blender_000470,noisy,images/sample_00470.png,5,2,0.4,1,1.0,04:51,291,2,False,False,False
rege_ood_noisy_blender_000471,noisy,images/sample_00471.png,5,5,1.0,1,1.0,09:58,598,5,False,False,False
rege_ood_noisy_blender_000472,noisy,images/sample_00472.png,5,2,0.4,1,1.0,06:37,397,2,False,False,False
rege_ood_noisy_blender_000473,noisy,images/sample_00473.png,5,2,0.4,2,0.5,06:23,383,1,False,False,False
rege_ood_noisy_blender_000474,noisy,images/sample_00474.png,5,0,0.0,0,0.0,,,0,False,False,False
rege_ood_noisy_blender_000475,noisy,images/sample_00475.png,5,5,1.0,1,1.0,08:38,518,5,False,False,False
rege_ood_noisy_blender_000476,noisy,images/sample_00476.png,5,5,1.0,1,1.0,12:58,58,5,False,False,False
rege_ood_noisy_blender_000477,noisy,images/sample_00477.png,5,5,1.0,1,1.0,10:07,607,5,False,False,False
rege_ood_noisy_blender_000478,noisy,images/sample_00478.png,5,5,1.0,3,0.4,05:08,25,2,False,False,False
rege_ood_noisy_blender_000479,noisy,images/sample_00479.png,5,5,1.0,2,0.6,01:54,114,3,True,True,True
rege_ood_noisy_blender_000480,noisy,images/sample_00480.png,5,2,0.4,1,1.0,12:45,45,2,False,False,False
rege_ood_noisy_blender_000481,noisy,images/sample_00481.png,5,5,1.0,1,1.0,12:05,5,5,False,False,False
rege_ood_noisy_blender_000482,noisy,images/sample_00482.png,5,5,1.0,1,1.0,07:17,437,5,False,False,False
rege_ood_noisy_blender_000483,noisy,images/sample_00483.png,5,5,1.0,3,0.4,09:53,593,2,False,False,False
rege_ood_noisy_blender_000484,noisy,images/sample_00484.png,5,3,0.6,1,1.0,03:41,221,3,False,False,False
rege_ood_noisy_blender_000485,noisy,images/sample_00485.png,5,3,0.6,1,1.0,12:47,47,3,False,False,False
rege_ood_noisy_blender_000486,noisy,images/sample_00486.png,5,5,1.0,2,0.8,09:47,587,4,False,False,False
rege_ood_noisy_blender_000487,noisy,images/sample_00487.png,5,5,1.0,3,0.6,11:57,717,3,False,False,False
rege_ood_noisy_blender_000488,noisy,images/sample_00488.png,5,5,1.0,2,0.6,08:44,524,3,False,False,True
rege_ood_noisy_blender_000489,noisy,images/sample_00489.png,5,5,1.0,4,0.4,09:36,576,2,False,False,False
rege_ood_noisy_blender_000490,noisy,images/sample_00490.png,5,4,0.8,1,1.0,07:40,460,4,False,False,False
rege_ood_noisy_blender_000491,noisy,images/sample_00491.png,5,1,0.2,1,1.0,07:54,474,1,False,False,False
rege_ood_noisy_blender_000492,noisy,images/sample_00492.png,5,5,1.0,1,1.0,09:12,552,5,True,True,True
rege_ood_noisy_blender_000493,noisy,images/sample_00493.png,5,0,0.0,0,0.0,,,0,False,False,False
rege_ood_noisy_blender_000494,noisy,images/sample_00494.png,5,5,1.0,1,1.0,10:08,608,5,False,False,False
rege_ood_noisy_blender_000495,noisy,images/sample_00495.png,5,5,1.0,1,1.0,07:40,460,5,False,False,False
rege_ood_noisy_blender_000496,noisy,images/sample_00496.png,5,5,1.0,1,1.0,07:38,458,5,False,False,False
rege_ood_noisy_blender_000497,noisy,images/sample_00497.png,5,4,0.8,4,0.25,08:13,493,1,False,False,False
rege_ood_noisy_blender_000498,noisy,images/sample_00498.png,5,2,0.4,1,1.0,04:40,280,2,False,False,False
rege_ood_noisy_blender_000499,noisy,images/sample_00499.png,5,5,1.0,2,0.6,10:21,621,3,False,False,False
